2101,Pittford, Keelby,kpittford0@imgur.com,186.188.178.67
2102,Dyer, Mommy,mdyer1@theguardian.com,34.57.35.3
2103,Layus, Corny,clayus2@arizona.edu,132.104.141.90
2104,Sanney, Madeleine,msanney3@unc.edu,235.175.167.12
2105,Rickesies, Tedra,trickesies4@psu.edu,75.124.245.149
2107,Bowell, Lowell,lbowell6@wix.com,143.101.170.20
2109,Founds, Burtie,bfounds8@google.cn,90.79.151.80
2110,Brasener, Samaria,sbrasener9@nsw.gov.au,120.77.205.50
2111,Prior, Valli,vpriora@trellian.com,31.226.55.122
2113,Oakes, Terencio,toakesc@prlog.org,39.163.73.71
2115,Gaine of England, Kissee,kgaineofenglande@php.net,32.8.213.112
2117,Berrie, Noellyn,nberrieg@ucsd.edu,114.208.231.101
2119,O'Connel, Briney,boconneli@ca.gov,42.25.101.57
2121,Esel, Etta,eeselk@hhs.gov,146.26.251.53
2122,Downing, Adella,adowningl@state.tx.us,204.67.219.224
2123,Bellhanger, Kev,kbellhangerm@e-recht24.de,49.200.234.219
2124,Issett, Nonah,nissettn@hexun.com,68.201.239.209
2125,Bogays, Elsie,ebogayso@apple.com,80.192.121.150
2126,Skilling, Davina,dskillingp@ucoz.com,101.212.130.8
2127,Godman, Jess,jgodmanq@devhub.com,153.93.223.207
2129,McKinn, Belicia,bmckinns@auda.org.au,169.112.50.233
2131,Cawthorne, Page,pcawthorneu@yandex.ru,16.121.170.148
2133,Bygate, Rheba,rbygatew@noaa.gov,249.92.80.53
2134,Keneford, Marinna,mkenefordx@berkeley.edu,18.44.39.206
2135,MacLaughlin, Dulcine,dmaclaughliny@csmonitor.com,193.247.217.153
2136,Giscken, Torrance,tgisckenz@gravatar.com,90.223.104.51
2137,Gerding, Lou,lgerding10@smugmug.com,154.74.187.51
2139,Kochs, Sheba,skochs12@discovery.com,108.28.176.24
2140,Covely, Christalle,ccovely13@t.co,180.126.243.165
2141,Highton, El,ehighton14@squarespace.com,48.92.193.172
2142,Dallison, Lock,ldallison15@gizmodo.com,236.48.10.75
2143,Scartifield, Christiana,cscartifield16@nasa.gov,247.152.43.238
2144,Di Bartolommeo, Ulrica,udibartolommeo17@blogger.com,100.147.69.68
2145,Hulke, Urban,uhulke18@cisco.com,244.100.162.53
2147,Keenlayside, Selina,skeenlayside1a@who.int,246.138.254.217
2148,Leslie, Christan,cleslie1b@hud.gov,4.140.17.213
2149,Mallen, Carlyn,cmallen1c@guardian.co.uk,176.84.243.199
2150,Weatherburn, Karlene,kweatherburn1d@icq.com,39.22.110.103
2151,Rodrig, Kipp,krodrig1e@google.nl,173.223.234.189
2153,Ionesco, Sukey,sionesco1g@reddit.com,147.160.82.167
2154,Tumayan, Becka,btumayan1h@dell.com,109.240.99.28
2155,Corona, Ray,rcorona1i@boston.com,2.184.91.109
2156,Weson, Charlotta,cweson1j@independent.co.uk,244.188.127.117
2157,Crowley, Carmina,ccrowley1k@creativecommons.org,22.26.253.243
2159,Hughes, Naomi,nhughes1m@harvard.edu,245.202.183.210
2161,Cordell, Pammi,pcordell1o@ihg.com,77.30.109.112
2163,Indge, Daffie,dindge1q@blogtalkradio.com,93.134.47.249
2165,Petrashov, Gretchen,gpetrashov1s@spotify.com,127.0.130.183
2167,Loddon, Winnifred,wloddon1u@cnbc.com,141.177.62.164
2168,Ninnoli, Beverly,bninnoli1v@jugem.jp,210.101.167.206
2169,Gabey, Niel,ngabey1w@delicious.com,221.200.130.70
2170,Markham, Leoline,lmarkham1x@51.la,173.192.127.38
2171,Carver, Neila,ncarver1y@list-manage.com,40.67.20.30
2173,Wedderburn, Heall,hwedderburn20@163.com,166.10.144.158
2175,Spinello, Chris,cspinello22@shop-pro.jp,166.135.216.199
2176,Cornau, Lissy,lcornau23@tripod.com,79.138.89.177
2177,Garrold, Cahra,cgarrold24@skyrock.com,150.206.29.215
2179,Schwartz, Catriona,cschwartz26@yahoo.co.jp,162.60.58.115
2180,Selwin, Marcy,mselwin27@cargocollective.com,23.143.251.116
2181,Bril, Leslie,lbril28@prlog.org,73.97.126.180
2183,Ditchfield, Kellyann,kditchfield2a@epa.gov,65.45.38.203
2185,Rogeron, Dag,drogeron2c@desdev.cn,79.132.196.102
2187,Spurrett, Vivianne,vspurrett2e@harvard.edu,162.23.222.10
2189,Atcheson, Nate,natcheson2g@clickbank.net,160.40.90.181
2190,Messitt, Simonette,smessitt2h@usgs.gov,53.43.186.2
2191,Ripley, Keelia,kripley2i@unblog.fr,39.250.142.132
2192,Godar, Jewelle,jgodar2j@51.la,91.157.255.226
2193,Kilbourn, Sigismundo,skilbourn2k@irs.gov,220.190.61.115
2194,Oleksiak, Eveleen,eoleksiak2l@plala.or.jp,214.230.113.211
2195,Christin, Maighdiln,mchristin2m@ibm.com,244.226.209.215
2196,Bannister, Penny,pbannister2n@newsvine.com,103.30.52.52
2197,Molloy, Elsa,emolloy2o@e-recht24.de,133.7.85.161
2198,Voaden, Kendre,kvoaden2p@bbb.org,247.11.180.107
2199,Gerhts, Lana,lgerhts2q@prnewswire.com,99.28.69.244
2200,Bromilow, Fara,fbromilow2r@ezinearticles.com,98.183.7.244
2201,Dinsale, Rogerio,rdinsale2s@ask.com,228.163.144.86
2202,Cherry Holme, Imelda,icherryholme2t@elegantthemes.com,59.90.252.63
2203,McEntegart, Madlin,mmcentegart2u@comsenz.com,222.170.187.92
2204,Metzke, Koralle,kmetzke2v@360.cn,238.34.159.6
2205,Harkins, Derek,dharkins2w@alibaba.com,255.115.73.161
2206,Bolderstone, Lynne,lbolderstone2x@cloudflare.com,34.81.174.41
2207,Tysall, Tiff,ttysall2y@moonfruit.com,12.217.203.161
2209,Faltin, Ely,efaltin30@sfgate.com,106.38.198.143
2210,Chitham, Malinda,mchitham31@symantec.com,28.215.60.72
2211,Monaghan, Noby,nmonaghan32@phpbb.com,69.157.2.59
2212,Shawdforth, Abelard,ashawdforth33@nature.com,166.87.161.138
2213,Iveson, Adaline,aiveson34@bigcartel.com,229.28.123.86
2214,McSporrin, Doloritas,dmcsporrin35@eepurl.com,231.175.3.87
2215,Pilipets, Dukie,dpilipets36@slate.com,132.4.121.230
2217,Sworne, Baxter,bsworne38@bluehost.com,101.72.93.230
2219,Rivard, Iris,irivard3a@dailymotion.com,47.14.13.220
2220,Poulton, Ken,kpoulton3b@paginegialle.it,82.87.201.25
2221,Munks, Frank,fmunks3c@diigo.com,233.78.215.150
2222,McKeefry, Bili,bmckeefry3d@cornell.edu,178.21.53.247
2223,Buffin, Isidora,ibuffin3e@desdev.cn,66.37.199.146
2225,Finby, Tiffani,tfinby3g@webs.com,95.100.252.75
2226,Corwin, Aura,acorwin3h@netvibes.com,89.154.61.87
2227,Scini, Angelika,ascini3i@g.co,37.4.175.126
2228,Chezier, Annis,achezier3j@biglobe.ne.jp,241.127.207.220
2229,Armistead, Georgine,garmistead3k@alibaba.com,206.206.244.55
2231,Covill, Carmen,ccovill3m@bizjournals.com,129.212.218.66
2232,Bellanger, Jinny,jbellanger3n@epa.gov,126.46.28.74
2233,Senyard, Alejandro,asenyard3o@nature.com,184.4.184.31
2235,Aspey, Morry,maspey3q@twitpic.com,59.145.255.227
2237,Stickins, Godart,gstickins3s@harvard.edu,75.101.230.223
2239,Revie, Durward,drevie3u@army.mil,250.122.115.249
2241,Spohrmann, Thaddus,tspohrmann3w@amazon.com,101.141.68.46
2242,Matushenko, Gabriellia,gmatushenko3x@jigsy.com,90.26.73.187
2243,Greenough, Solomon,sgreenough3y@gov.uk,159.199.99.250
2244,Pavlov, Adelaide,apavlov3z@people.com.cn,163.15.52.208
2245,Ricciardo, Ban,bricciardo40@dmoz.org,95.249.102.171
2246,Kupke, Madge,mkupke41@friendfeed.com,1.73.42.122
2247,Annwyl, Wilow,wannwyl42@yale.edu,182.2.196.138
2248,Yuryatin, Samantha,syuryatin43@yolasite.com,109.119.35.159
2249,Zorzetti, Georg,gzorzetti44@seesaa.net,205.155.243.153
2250,Larvor, Ortensia,olarvor45@marriott.com,19.177.192.38
2251,O' Clovan, Cchaddie,coclovan46@so-net.ne.jp,62.194.82.12
2252,Bolitho, Doro,dbolitho47@sohu.com,3.210.157.227
2253,Lonsdale, Remy,rlonsdale48@mashable.com,251.55.246.132
2255,Brimfield, Sarene,sbrimfield4a@tripadvisor.com,156.128.80.152
2256,Doohey, Tansy,tdoohey4b@npr.org,174.140.29.144
2257,Tilmouth, Bradan,btilmouth4c@sohu.com,32.152.16.44
2258,Cicculi, Jennilee,jcicculi4d@gnu.org,211.120.98.170
2259,Malloy, Hagan,hmalloy4e@examiner.com,155.208.228.34
2261,McGuire, Garry,gmcguire4g@homestead.com,210.121.232.91
2263,Darnborough, Sibyl,sdarnborough4i@chronoengine.com,114.129.176.165
2264,Cowlam, Margaret,mcowlam4j@dailymotion.com,74.6.73.23
2265,Gasgarth, Vasily,vgasgarth4k@house.gov,161.69.216.8
2266,Barnwill, Brook,bbarnwill4l@mozilla.com,252.232.63.71
2267,Zelland, Artie,azelland4m@sun.com,84.81.228.34
2268,Tart, Aryn,atart4n@goodreads.com,59.199.153.30
2269,Flea, Richy,rflea4o@reuters.com,178.172.107.66
2271,Clohisey, Yettie,yclohisey4q@aboutads.info,162.145.105.250
2272,Brewer, Winne,wbrewer4r@paginegialle.it,191.168.161.182
2273,Bailles, Joellen,jbailles4s@yale.edu,143.169.180.196
2274,Devereu, Junia,jdevereu4t@hud.gov,10.219.84.105
2275,Drohane, Noelyn,ndrohane4u@mayoclinic.com,108.16.233.113
2276,Wolver, Claudelle,cwolver4v@merriam-webster.com,0.7.190.223
2277,Rippen, Delano,drippen4w@skype.com,122.36.190.15
2278,Strethill, Gino,gstrethill4x@unicef.org,188.87.25.75
2279,Jancar, Fremont,fjancar4y@blogs.com,238.132.101.247
2281,Van Vuuren, Katie,kvanvuuren50@nsw.gov.au,66.46.19.18
2283,Rougier, Arlinda,arougier52@fotki.com,14.175.146.63
2285,Merrikin, Conroy,cmerrikin54@infoseek.co.jp,217.255.42.154
2287,Filippone, Skye,sfilippone56@t.co,98.205.18.174
2288,Godly, Farand,fgodly57@scribd.com,141.35.159.201
2289,Britland, Thoma,tbritland58@facebook.com,132.95.180.134
2291,Barbrick, Brigit,bbarbrick5a@linkedin.com,197.50.24.137
2293,Anning, Dara,danning5c@eventbrite.com,247.0.121.70
2294,Portch, Wynn,wportch5d@geocities.com,176.242.238.109
2295,Bussel, Dale,dbussel5e@github.com,112.235.3.182
2296,Bisterfeld, Abbey,abisterfeld5f@msn.com,65.76.186.4
2297,Garlant, Monroe,mgarlant5g@comsenz.com,171.177.170.219
2299,Ellerker, Wilone,wellerker5i@sourceforge.net,96.28.233.197
2300,Askam, Felisha,faskam5j@jugem.jp,59.87.168.37
2301,Scramage, Emilia,escramage5k@msn.com,198.46.233.46
2302,Speers, Pen,pspeers5l@yellowbook.com,59.232.249.13
2303,Dawe, Nell,ndawe5m@cnet.com,41.83.126.55
2304,Swales, Maryanna,mswales5n@ucoz.com,133.62.87.223
2305,Paske, Tremain,tpaske5o@godaddy.com,212.119.186.14
2307,Huffa, Joey,jhuffa5q@mediafire.com,41.40.141.10
2309,Fuchs, Janina,jfuchs5s@shinystat.com,6.22.41.31
2311,Bott, Brit,bbott5u@imageshack.us,0.104.4.48
2313,Smithies, Benjamin,bsmithies5w@cornell.edu,109.8.181.144
2314,Shorey, Annabelle,ashorey5x@ucoz.ru,102.19.98.132
2315,Bangiard, Velma,vbangiard5y@reverbnation.com,71.121.32.94
2317,Camock, Nanete,ncamock60@cbsnews.com,14.154.55.251
2318,Besnard, Nonnah,nbesnard61@flavors.me,25.97.223.195
2319,Swapp, Shayne,sswapp62@shop-pro.jp,65.112.185.105
2320,Daoust, Marcy,mdaoust63@sakura.ne.jp,219.230.179.22
2321,Fordyce, Beniamino,bfordyce64@nytimes.com,237.87.204.122
2322,Poxon, Modesta,mpoxon65@adobe.com,42.20.82.73
2323,Loch, Sarina,sloch66@webnode.com,81.24.67.239
2325,Sedgmond, Blinni,bsedgmond68@free.fr,230.189.133.197
2327,Prynne, Priscilla,pprynne6a@google.com,240.4.62.159
2329,Maffioletti, Noam,nmaffioletti6c@sbwire.com,209.56.248.123
2331,Petrillo, Carey,cpetrillo6e@mapy.cz,232.223.189.147
2332,Mashal, Ericha,emashal6f@ezinearticles.com,253.119.160.47
2333,Zimmermeister, Abigael,azimmermeister6g@bing.com,140.73.147.198
2335,Rattray, L;urette,lrattray6i@irs.gov,236.40.92.11
2337,Mathevet, Glynnis,gmathevet6k@chicagotribune.com,12.210.211.146
2339,Wellan, Carita,cwellan6m@cdbaby.com,235.144.132.237
2340,Sutherby, Carlin,csutherby6n@devhub.com,185.95.16.184
2341,Cheeld, Laurens,lcheeld6o@dyndns.org,112.114.196.170
2342,Cressey, Martie,mcressey6p@plala.or.jp,76.241.57.122
2343,Kroon, Melony,mkroon6q@eepurl.com,103.241.168.70
2345,Blazevic, Trey,tblazevic6s@redcross.org,59.97.206.32
2347,Gowdy, Helen,hgowdy6u@sphinn.com,29.197.60.70
2348,Rizzo, Vikky,vrizzo6v@cloudflare.com,201.69.161.3
2349,Moverley, Minta,mmoverley6w@dell.com,168.68.157.152
2350,Whetton, Cassaundra,cwhetton6x@freewebs.com,233.243.201.148
2351,Phair, Hazel,hphair6y@army.mil,93.87.143.193
2353,Abramov, Kinna,kabramov70@scientificamerican.com,122.241.164.89
2355,Duligal, Aline,aduligal72@sfgate.com,182.223.78.125
2356,Henker, Geri,ghenker73@over-blog.com,240.113.240.238
2357,Fatharly, Rollo,rfatharly74@a8.net,105.185.226.142
2358,Whiteland, Fredra,fwhiteland75@networksolutions.com,174.219.74.191
2359,Feldmark, Wade,wfeldmark76@moonfruit.com,240.156.30.36
2361,Cherrie, Meriel,mcherrie78@godaddy.com,197.131.83.37
2362,Macieiczyk, Boniface,bmacieiczyk79@cdc.gov,232.155.179.136
2363,Grass, Lorrayne,lgrass7a@japanpost.jp,101.250.36.59
2365,Canero, Melicent,mcanero7c@ebay.co.uk,187.250.215.143
2367,Shinner, Hermine,hshinner7e@123-reg.co.uk,177.136.191.126
2369,Caldron, Karrie,kcaldron7g@blinklist.com,222.252.214.13
2371,Ornells, Kiah,kornells7i@nasa.gov,127.185.29.50
2373,Stockley, Land,lstockley7k@cam.ac.uk,217.168.224.200
2374,Olrenshaw, Karylin,kolrenshaw7l@state.tx.us,178.148.153.89
2375,Spensley, Olympia,ospensley7m@apple.com,125.134.143.19
2376,Boatwright, Christi,cboatwright7n@hud.gov,128.228.234.57
2377,Bold, Marj,mbold7o@flickr.com,107.112.237.32
2378,Bowers, Alyson,abowers7p@webmd.com,219.254.151.80
2379,Trowsdall, Britta,btrowsdall7q@addthis.com,65.78.188.215
2380,Bounds, Chandal,cbounds7r@fema.gov,205.110.113.9
2381,Scutching, Jess,jscutching7s@upenn.edu,68.225.123.167
2383,Allain, Florencia,fallain7u@phpbb.com,74.34.60.54
2385,Tomblin, Rourke,rtomblin7w@shareasale.com,65.194.182.212
2386,Morley, Glynnis,gmorley7x@goo.gl,148.110.206.251
2387,Daws, Marin,mdaws7y@multiply.com,32.193.252.207
2389,Guttridge, Fred,fguttridge80@shutterfly.com,41.177.148.125
2391,Vaux, Bria,bvaux82@amazon.co.jp,17.100.161.19
2392,Braniff, Livvy,lbraniff83@gizmodo.com,161.51.28.71
2393,Richen, Hart,hrichen84@ow.ly,145.238.188.240
2395,Grisedale, Rouvin,rgrisedale86@delicious.com,48.182.48.160
2396,Pauleau, Carena,cpauleau87@moonfruit.com,252.218.135.133
2397,Bruhnicke, Regine,rbruhnicke88@csmonitor.com,250.167.55.71
2398,Anfonsi, Koren,kanfonsi89@narod.ru,22.82.245.97
2399,Mewrcik, Andy,amewrcik8a@wsj.com,37.86.4.86
2401,Beadon, Diego,dbeadon8c@dedecms.com,44.196.182.142
2402,Rist, Mireille,mrist8d@berkeley.edu,43.69.205.193
2403,Dawdry, Forbes,fdawdry8e@bizjournals.com,190.25.241.150
2404,Jorat, Shelley,sjorat8f@newyorker.com,188.194.124.48
2405,Davis, Reeva,rdavis8g@kickstarter.com,216.148.155.207
2407,Gillian, Romola,rgillian8i@spiegel.de,3.33.52.0
2408,Baton, Julina,jbaton8j@google.co.uk,153.136.119.199
2409,Euplate, Cristen,ceuplate8k@abc.net.au,66.4.50.9
2410,Spaunton, Adelind,aspaunton8l@desdev.cn,116.192.153.199
2411,Biskupski, Aron,abiskupski8m@google.co.jp,179.47.202.190
2412,Tricker, Drusy,dtricker8n@i2i.jp,15.43.232.183
2413,Lovewell, Brandice,blovewell8o@vk.com,165.233.132.130
2415,Couthard, Ainsley,acouthard8q@mlb.com,153.221.182.178
2416,McAirt, Ada,amcairt8r@marriott.com,5.237.67.23
2417,Hatcher, Al,ahatcher8s@studiopress.com,94.87.215.41
2418,Witton, Lanie,lwitton8t@salon.com,119.111.84.224
2419,Sturge, Faith,fsturge8u@cam.ac.uk,159.186.19.133
2421,Segoe, Minnnie,msegoe8w@godaddy.com,13.115.165.39
2423,Partkya, Tiffany,tpartkya8y@who.int,14.155.225.186
2424,Polon, Alameda,apolon8z@purevolume.com,209.23.129.111
2425,Blazewicz, Audy,ablazewicz90@1688.com,77.107.198.242
2427,Revance, Rodolfo,rrevance92@auda.org.au,255.221.16.129
2429,Swift, Luciano,lswift94@squarespace.com,18.191.106.162
2430,Easeman, Drusie,deaseman95@businesswire.com,111.10.84.241
2431,Aicken, Joshuah,jaicken96@independent.co.uk,45.113.188.199
2432,Blunsom, Tabatha,tblunsom97@wp.com,43.60.11.2
2433,Whal, Redford,rwhal98@sphinn.com,38.251.99.217
2434,Bather, Ulrikaumeko,ubather99@yahoo.co.jp,38.31.217.149
2435,Klaggeman, Gray,gklaggeman9a@google.com,120.138.243.224
2437,Allston, Jessie,jallston9c@latimes.com,144.114.70.12
2439,Bettaney, Berthe,bbettaney9e@canalblog.com,70.44.76.178
2441,Rubenczyk, Nero,nrubenczyk9g@thetimes.co.uk,117.162.125.159
2442,Hawsby, Bathsheba,bhawsby9h@cocolog-nifty.com,60.143.3.135
2443,Grumble, Engelbert,egrumble9i@is.gd,200.242.202.73
2444,Jikylls, Bobbie,bjikylls9j@sun.com,162.139.240.175
2445,Martinson, Edith,emartinson9k@nhs.uk,117.243.150.107
2446,Mullaly, Dalila,dmullaly9l@sakura.ne.jp,38.107.64.174
2447,Deelay, Linn,ldeelay9m@deviantart.com,43.94.163.114
2448,Cush, Sheela,scush9n@independent.co.uk,197.141.10.180
2449,Dederich, Lesley,ldederich9o@foxnews.com,186.81.143.170
2450,Von Brook, Eddie,evonbrook9p@usatoday.com,229.6.251.17
2451,Partlett, Hyacinthie,hpartlett9q@dyndns.org,81.159.47.84
2453,Calcutt, Lea,lcalcutt9s@blogspot.com,249.36.42.130
2455,Kleinhausen, Candra,ckleinhausen9u@cnn.com,102.102.238.214
2457,Frangione, Reube,rfrangione9w@samsung.com,245.130.34.208
2459,Marlowe, Mikkel,mmarlowe9y@cmu.edu,217.251.24.139
2461,Hrishchenko, Walt,whrishchenkoa0@g.co,2.127.233.200
2462,Kabos, Lorine,lkabosa1@ftc.gov,232.157.85.61
2463,Wardlow, Colleen,cwardlowa2@berkeley.edu,224.94.6.250
2464,Ruane, Arlen,aruanea3@google.ru,218.239.127.77
2465,Eglaise, Drucie,deglaisea4@europa.eu,122.3.22.139
2466,Hannen, Elsinore,ehannena5@myspace.com,158.125.105.183
2467,Fotherby, Cord,cfotherbya6@theatlantic.com,98.139.196.210
2468,Dobey, Martita,mdobeya7@dedecms.com,237.225.75.73
2469,Jorger, Loralee,ljorgera8@phpbb.com,178.124.110.144
2470,Hindshaw, Wilhelmina,whindshawa9@cdc.gov,228.63.218.253
2471,Fochs, Juana,jfochsaa@sogou.com,25.179.13.11
2473,Edgley, Dionne,dedgleyac@apple.com,10.46.156.207
2474,Deegan, Tedda,tdeeganad@tinypic.com,212.163.199.146
2475,Ventris, Royal,rventrisae@ustream.tv,106.99.169.0
2476,Comben, Allix,acombenaf@ezinearticles.com,8.254.80.214
2477,Crumpe, Cletis,ccrumpeag@rambler.ru,129.34.168.226
2478,Idney, Maggie,midneyah@google.co.uk,93.29.54.42
2479,Gebb, Melody,mgebbai@typepad.com,112.95.241.239
2480,Stoade, Angelina,astoadeaj@yale.edu,41.82.183.42
2481,Bridgland, Sholom,sbridglandak@myspace.com,94.186.220.23
2483,Sifleet, Michelina,msifleetam@friendfeed.com,137.87.140.41
2485,Pagel, Roxanna,rpagelao@theglobeandmail.com,47.33.77.214
2486,Ducket, Janot,jducketap@java.com,151.230.69.107
2487,Corradi, Darill,dcorradiaq@goodreads.com,230.172.103.208
2488,Edmott, Nola,nedmottar@google.cn,54.104.92.218
2489,Beldham, Nilson,nbeldhamas@csmonitor.com,35.73.110.188
2490,Squibb, Cynthy,csquibbat@163.com,71.177.118.220
2491,Murdie, Jany,jmurdieau@sina.com.cn,4.194.148.43
2492,Linder, Amalle,alinderav@icq.com,188.127.179.103
2493,Daelman, Ashlin,adaelmanaw@tamu.edu,239.31.113.89
2494,Werndley, Olivia,owerndleyax@thetimes.co.uk,246.174.118.225
2495,Crohan, Felix,fcrohanay@ucla.edu,216.110.16.136
2496,Bortol, Merralee,mbortolaz@dion.ne.jp,5.166.170.159
2497,Shard, Constantine,cshardb0@globo.com,89.99.133.35
2498,Barkworth, Sheilah,sbarkworthb1@plala.or.jp,90.55.98.13
2499,Cowlas, Lorelei,lcowlasb2@posterous.com,123.34.189.71
2501,Glazer, Josy,jglazerb4@bizjournals.com,47.95.204.94
2503,Lerway, Mark,mlerwayb6@topsy.com,188.20.191.225
2504,Basindale, Theda,tbasindaleb7@ustream.tv,231.242.83.89
2505,Storres, Melloney,mstorresb8@edublogs.org,4.202.173.200
2506,Leather, Cleopatra,cleatherb9@shareasale.com,135.245.5.171
2507,Pirson, Pebrook,ppirsonba@mapquest.com,112.195.11.138
2508,Sartain, Ailyn,asartainbb@google.pl,204.90.49.15
2509,Van Weedenburg, Field,fvanweedenburgbc@latimes.com,226.157.137.107
2510,Sheehan, Mufi,msheehanbd@howstuffworks.com,156.1.200.101
2511,Hannum, Wilmer,whannumbe@dyndns.org,197.236.112.69
2513,Slowey, Edvard,esloweybg@reuters.com,63.245.234.206
2515,Keppin, Kristoffer,kkeppinbi@drupal.org,147.175.27.73
2516,D'Hooghe, Essa,edhooghebj@google.de,192.81.170.32
2517,Genders, Ayn,agendersbk@examiner.com,35.140.113.68
2518,Schober, Shelley,sschoberbl@blog.com,87.125.40.249
2519,Bodimeade, Jocelyn,jbodimeadebm@marketwatch.com,236.214.178.233
2520,Plaskett, Austina,aplaskettbn@soup.io,33.232.219.109
2521,Wannop, Sukey,swannopbo@yale.edu,60.85.116.101
2523,Deluca, Charmane,cdelucabq@home.pl,202.171.13.237
2524,Keaton, Orly,okeatonbr@techcrunch.com,43.215.202.30
2525,Rudge, Francklin,frudgebs@nymag.com,79.88.186.210
2526,Maron, Dania,dmaronbt@hubpages.com,142.228.234.182
2527,Cowsby, Bette,bcowsbybu@phpbb.com,26.68.94.189
2529,Tapsell, Aldric,atapsellbw@washingtonpost.com,139.136.104.247
2530,McNamee, Shaun,smcnameebx@nature.com,80.183.152.12
2531,Beagley, Benetta,bbeagleyby@about.com,116.254.29.44
2533,Degoix, Gauthier,gdegoixc0@home.pl,101.48.221.5
2535,Prater, Fleming,fpraterc2@wunderground.com,244.10.203.45
2537,Unwins, Norbie,nunwinsc4@google.it,230.167.188.244
2539,Pringell, Garret,gpringellc6@amazon.com,4.88.74.233
2540,Pattington, Diann,dpattingtonc7@vinaora.com,35.92.66.16
2541,Kuhle, Bettina,bkuhlec8@accuweather.com,164.255.11.94
2543,Dawbury, Buckie,bdawburyca@chronoengine.com,141.5.137.36
2544,Gethouse, Lettie,lgethousecb@cocolog-nifty.com,244.171.215.173
2545,Jesty, Gwyneth,gjestycc@scribd.com,171.246.82.238
2547,Ethelston, Levin,lethelstonce@fda.gov,93.119.202.79
2548,Rockcliff, Kendra,krockcliffcf@cargocollective.com,82.39.7.133
2549,Chatell, Raynor,rchatellcg@cdc.gov,99.30.8.209
2550,Hutcheson, Kattie,khutchesonch@skype.com,254.81.191.54
2551,Lummus, Loise,llummusci@cdbaby.com,25.173.131.236
2552,Mawhinney, Dominica,dmawhinneycj@shinystat.com,76.175.132.230
2553,Breit, Katharine,kbreitck@foxnews.com,135.92.197.239
2555,Del Checolo, Gretna,gdelchecolocm@ihg.com,56.183.83.130
2557,Merkel, Jordon,jmerkelco@hexun.com,165.43.154.206
2559,Dufton, Sanford,sduftoncq@hatena.ne.jp,107.135.59.246
2561,Worswick, Margaretta,mworswickcs@weebly.com,170.22.13.14
2563,Francescoccio, Dannye,dfrancescocciocu@discuz.net,76.90.12.211
2564,Mossom, Janna,jmossomcv@gmpg.org,93.155.231.194
2565,Kelf, Derrek,dkelfcw@pen.io,69.183.55.84
2567,MacLachlan, Dillon,dmaclachlancy@webs.com,194.172.159.42
2568,Amori, Nolie,namoricz@pcworld.com,139.134.109.104
2569,Elrick, Sheffy,selrickd0@indiegogo.com,111.204.236.28
2571,Rowberry, Noel,nrowberryd2@salon.com,41.62.120.16
2573,Osborne, Mara,mosborned4@topsy.com,163.224.52.227
2574,Combes, Larissa,lcombesd5@businesswire.com,97.158.144.110
2575,Oury, Clementine,couryd6@omniture.com,137.255.131.125
2576,Pedreschi, Leda,lpedreschid7@google.fr,127.45.37.115
2577,Resun, Madison,mresund8@free.fr,24.247.82.204
2578,Eastcourt, Goran,geastcourtd9@dagondesign.com,114.200.172.37
2579,Kroon, Julia,jkroonda@163.com,70.49.146.80
2581,Risman, Nye,nrismandc@illinois.edu,51.117.49.132
2583,Ruegg, Essa,erueggde@independent.co.uk,184.129.150.142
2584,Grishenkov, Marrissa,mgrishenkovdf@kickstarter.com,241.215.149.120
2585,Kencott, Zachariah,zkencottdg@mozilla.com,189.79.248.164
2586,Fitkin, Malvina,mfitkindh@tamu.edu,190.146.45.152
2587,Champe, Celia,cchampedi@utexas.edu,86.164.96.101
2589,Grantham, Anastasie,agranthamdk@go.com,94.20.238.158
2590,Starton, Krista,kstartondl@godaddy.com,124.159.228.243
2591,Duley, Hetti,hduleydm@reverbnation.com,11.29.27.197
2593,Jablonski, Mauricio,mjablonskido@github.com,10.33.145.253
2595,Connett, Clemmie,cconnettdq@disqus.com,103.216.65.191
2596,Gong, Alanah,agongdr@qq.com,142.75.180.117
2597,Jambrozek, Shamus,sjambrozekds@ow.ly,66.8.245.40
2599,Mintoff, Harold,hmintoffdu@alibaba.com,31.156.157.170
2600,Goode, Alma,agoodedv@infoseek.co.jp,212.56.86.31
2601,Foli, Cooper,cfolidw@soup.io,122.137.195.219
2603,Brislen, Bernita,bbrislendy@fotki.com,127.104.144.64
2605,Rampage, Malvin,mrampagee0@samsung.com,36.238.182.127
2606,Winward, Aridatha,awinwarde1@t.co,99.94.206.135
2607,Champain, Currie,cchampaine2@sakura.ne.jp,98.227.243.206
2608,Lammertz, Randee,rlammertze3@pagesperso-orange.fr,29.4.231.126
2609,Mowsdell, Clark,cmowsdelle4@flavors.me,100.72.77.0
2610,Winwood, Care,cwinwoode5@nyu.edu,247.99.196.242
2611,Tejero, Emmanuel,etejeroe6@surveymonkey.com,159.124.109.24
2612,Mancell, Geralda,gmancelle7@odnoklassniki.ru,79.22.242.128
2613,Thairs, Anastasie,athairse8@loc.gov,37.100.45.221
2615,Ortelt, Ad,aorteltea@blogtalkradio.com,219.177.60.104
2617,Behrendsen, Hermie,hbehrendsenec@tmall.com,233.76.144.29
2618,Catonne, Nicolea,ncatonneed@google.de,29.12.94.87
2619,Asaaf, Hadrian,hasaafee@goo.gl,251.64.171.248
2620,Nealy, Berty,bnealyef@alexa.com,105.213.135.86
2621,Holmyard, Gertrudis,gholmyardeg@ucsd.edu,190.237.197.136
2623,Keilty, Donal,dkeiltyei@hc360.com,104.159.209.105
2624,Grimditch, Melinda,mgrimditchej@cyberchimps.com,223.225.255.104
2625,Crompton, Desmund,dcromptonek@cargocollective.com,252.101.216.4
2626,Wearing, Jaquelyn,jwearingel@eepurl.com,110.221.184.235
2627,Linning, Curtice,clinningem@dailymotion.com,81.69.205.76
2628,Halpen, Lindy,lhalpenen@nhs.uk,150.110.39.176
2629,Shear, Thatch,tsheareo@rediff.com,1.197.225.173
2631,Chazier, Claude,cchaziereq@washington.edu,32.76.65.147
2632,Grigorio, Codie,cgrigorioer@reddit.com,88.185.35.43
2633,Sammons, Rene,rsammonses@marriott.com,194.184.179.94
2635,Lofty, Dillie,dloftyeu@phpbb.com,62.71.142.139
2637,Telford, Ely,etelfordew@aol.com,126.76.130.219
2638,Mecco, Mirabella,mmeccoex@yandex.ru,200.198.205.176
2639,Chudleigh, Frazer,fchudleighey@businesswire.com,169.127.39.191
2640,Esparza, Heath,hesparzaez@about.me,9.123.57.61
2641,Spohr, Alexandre,aspohrf0@nydailynews.com,220.229.112.53
2643,Eburah, Raquel,reburahf2@tinypic.com,49.211.226.50
2645,Buske, Rooney,rbuskef4@cdc.gov,18.225.24.101
2646,Ivanishchev, Harriot,hivanishchevf5@theatlantic.com,181.213.24.202
2647,Malone, Gusti,gmalonef6@senate.gov,242.186.230.71
2649,Atto, Lou,lattof8@flickr.com,46.164.59.143
2650,Houlison, Blythe,bhoulisonf9@theatlantic.com,88.67.143.121
2651,Skerman, Kiah,kskermanfa@weather.com,246.176.21.249
2653,Gregorowicz, Hazlett,hgregorowiczfc@yale.edu,146.187.221.247
2654,Strood, Binny,bstroodfd@ucoz.ru,46.230.61.88
2655,Bestar, York,ybestarfe@sciencedaily.com,38.16.125.229
2656,Garvie, Alva,agarvieff@acquirethisname.com,78.212.114.195
2657,Barnewall, Ruth,rbarnewallfg@cafepress.com,193.6.37.118
2659,Cullip, Lishe,lcullipfi@hubpages.com,162.244.45.173
2661,Castellini, Alberik,acastellinifk@cnet.com,105.106.115.193
2662,Kyne, Sonnie,skynefl@arizona.edu,90.167.34.30
2663,Rist, Trev,tristfm@sfgate.com,155.242.107.188
2665,Ecclestone, Turner,tecclestonefo@flavors.me,144.74.89.128
2666,Leete, Sarena,sleetefp@go.com,211.98.24.232
2667,Ingliss, Forrest,finglissfq@sbwire.com,149.105.201.80
2669,Phizacklea, Napoleon,nphizackleafs@icq.com,251.28.51.62
2670,Puckring, Ermentrude,epuckringft@usa.gov,229.101.24.119
2671,Bayman, Ardyce,abaymanfu@wikipedia.org,97.68.128.203
2672,Marxsen, Gae,gmarxsenfv@amazon.co.uk,202.192.225.79
2673,Pinnion, Marybelle,mpinnionfw@chron.com,14.163.154.243
2675,Joselovitch, Sheri,sjoselovitchfy@prlog.org,15.135.23.182
2676,Silverlock, Brynna,bsilverlockfz@altervista.org,210.86.87.244
2677,Kleinpeltz, Dallas,dkleinpeltzg0@msn.com,73.172.28.59
2679,Deverick, Marchall,mdeverickg2@shinystat.com,173.167.135.61
2680,Craghead, Tiphani,tcragheadg3@simplemachines.org,20.251.15.21
2681,Hargey, Tabitha,thargeyg4@buzzfeed.com,19.195.122.62
2682,Batchelar, Issie,ibatchelarg5@arizona.edu,182.218.20.129
2683,Giannazzi, Tatiana,tgiannazzig6@ezinearticles.com,9.82.48.3
2685,Sizland, Ewen,esizlandg8@google.com.au,218.215.126.218
2686,Kardos-Stowe, Abby,akardosstoweg9@qq.com,58.133.181.131
2687,Walter, Urbanus,uwalterga@typepad.com,52.198.105.47
2689,Roja, Morgan,mrojagc@alibaba.com,186.68.47.182
2690,Waltering, Ninette,nwalteringgd@usa.gov,44.61.68.47
2691,Durrant, Christoffer,cdurrantge@amazonaws.com,175.152.137.89
2693,Friedenbach, Jane,jfriedenbachgg@theguardian.com,12.211.78.97
2694,Kenwin, Cassaundra,ckenwingh@rambler.ru,179.102.9.226
2695,Rushbury, Galvin,grushburygi@theglobeandmail.com,166.37.68.181
2696,Sholl, Ibby,ishollgj@bravesites.com,20.130.168.62
2697,Richardes, Rufe,rrichardesgk@ted.com,67.179.143.168
2698,Lancastle, Hoebart,hlancastlegl@surveymonkey.com,227.174.143.244
2699,Vanin, Lew,lvaningm@noaa.gov,239.170.61.8
2701,Pagett, Kristal,kpagettgo@lycos.com,94.92.201.37
2702,Piola, Melva,mpiolagp@a8.net,35.196.103.186
2703,Giorgetti, Darryl,dgiorgettigq@ucoz.ru,188.219.72.76
2705,Breakwell, Devon,dbreakwellgs@thetimes.co.uk,150.86.109.111
2706,Ebdin, Creigh,cebdingt@tinyurl.com,65.193.15.171
2707,Pulfer, Ulrika,upulfergu@miitbeian.gov.cn,79.217.192.187
2708,Anfusso, Paloma,panfussogv@webs.com,10.195.153.135
2709,Featherby, Joel,jfeatherbygw@bbb.org,214.165.152.42
2710,Jacquemy, Dolorita,djacquemygx@example.com,56.104.162.58
2711,Gopsill, Ulises,ugopsillgy@liveinternet.ru,150.193.157.175
2712,Gallone, Dolli,dgallonegz@ask.com,163.206.29.175
2713,Retallack, Vergil,vretallackh0@newyorker.com,211.126.50.229
2714,Cowerd, Margie,mcowerdh1@arizona.edu,184.128.43.236
2715,Wanderschek, Zorine,zwanderschekh2@mozilla.com,219.82.154.200
2716,McCulley, Inge,imcculleyh3@sphinn.com,226.151.109.248
2717,Ebden, Toni,tebdenh4@taobao.com,29.183.240.169
2719,Layne, Nata,nlayneh6@sitemeter.com,53.180.207.239
2721,Findlater, Merrilee,mfindlaterh8@harvard.edu,206.84.239.250
2723,Lanfere, Charil,clanfereha@ebay.co.uk,100.3.208.212
2724,Gradley, Anderea,agradleyhb@1688.com,67.210.32.222
2725,MacNockater, Bret,bmacnockaterhc@github.com,249.15.131.119
2726,Guilloneau, Valma,vguilloneauhd@acquirethisname.com,80.28.52.43
2727,Annesley, Laural,lannesleyhe@wunderground.com,66.150.185.254
2729,Dumbrill, Julieta,jdumbrillhg@list-manage.com,85.99.137.32
2731,Castillo, Darla,dcastillohi@wp.com,155.77.155.112
2733,Mantrup, Cad,cmantruphk@spiegel.de,13.164.74.180
2735,Waldocke, Wynn,wwaldockehm@linkedin.com,38.203.222.192
2736,MacKissack, Julissa,jmackissackhn@xrea.com,109.206.136.36
2737,Raoult, Nadiya,nraoultho@google.de,164.224.26.67
2739,Howerd, Helenelizabeth,hhowerdhq@walmart.com,60.61.175.186
2740,Lindgren, Alma,alindgrenhr@sitemeter.com,10.183.91.159
2741,Merrington, Cosme,cmerringtonhs@so-net.ne.jp,112.104.220.143
2742,Cleife, Briney,bcleifeht@wix.com,121.172.192.146
2743,Gillivrie, Alissa,agillivriehu@google.cn,243.201.55.213
2745,Kimmons, Benito,bkimmonshw@hubpages.com,182.204.220.82
2747,Kerry, Lombard,lkerryhy@sogou.com,186.152.87.206
2748,Adamov, Clarie,cadamovhz@naver.com,91.130.26.174
2749,McAdam, Letty,lmcadami0@aol.com,121.30.55.111
2751,Betje, Eulalie,ebetjei2@slashdot.org,196.28.229.0
2752,Gasnell, Rennie,rgasnelli3@bravesites.com,132.96.118.132
2753,Micka, Carlye,cmickai4@go.com,34.62.63.107
2754,Starking, Dorian,dstarkingi5@sogou.com,154.158.217.221
2755,Mallinder, Adan,amallinderi6@cocolog-nifty.com,58.34.158.170
2757,Retallack, Alasdair,aretallacki8@simplemachines.org,151.19.174.235
2759,Okey, Jesselyn,jokeyia@hatena.ne.jp,185.28.108.102
2760,Juza, Wendy,wjuzaib@google.com,102.146.22.20
2761,Applin, Maury,mapplinic@livejournal.com,126.119.77.197
2762,Simonian, Jenica,jsimonianid@over-blog.com,15.200.0.222
2763,Folks, Bidget,bfolksie@cbc.ca,105.18.165.138
2765,Waller-Bridge, Fannie,fwallerbridgeig@springer.com,36.12.208.195
2766,Twort, Bobina,btwortih@digg.com,16.174.212.139
2767,Balm, Fabien,fbalmii@newsvine.com,16.50.204.65
2768,Tamburi, Sharron,stamburiij@plala.or.jp,69.171.166.50
2769,Slopier, Min,mslopierik@plala.or.jp,91.140.131.241
2770,Bounde, Kristina,kboundeil@imageshack.us,104.251.62.209
2771,Andrivot, Cornall,candrivotim@pinterest.com,248.5.197.255
2772,Ivanchenkov, Nicki,nivanchenkovin@hibu.com,207.202.40.187
2773,Kelberman, Hunt,hkelbermanio@bravesites.com,200.208.191.210
2775,Becconsall, Rustie,rbecconsalliq@cbslocal.com,165.207.81.187
2776,Porteous, Dorisa,dporteousir@quantcast.com,25.17.5.63
2777,Long, Sisely,slongis@google.co.uk,182.227.1.12
2778,Provis, Myranda,mprovisit@slashdot.org,239.94.42.89
2779,Springthorpe, Katherina,kspringthorpeiu@networkadvertising.org,124.204.65.17
2780,Kaesmans, Klarika,kkaesmansiv@prweb.com,175.34.159.91
2781,Hulett, Paddy,phulettiw@soup.io,15.73.143.216
2783,Pablos, Bord,bpablosiy@ezinearticles.com,65.211.39.57
2784,Hallede, Sandy,shalledeiz@wix.com,30.116.37.47
2785,Feldhammer, Manda,mfeldhammerj0@so-net.ne.jp,101.82.42.132
2786,Dawdary, Borden,bdawdaryj1@seesaa.net,7.145.18.29
2787,Vasquez, Fiona,fvasquezj2@npr.org,76.57.53.232
2788,Sarjent, Marin,msarjentj3@ocn.ne.jp,71.212.218.149
2789,Schlagh, Kayla,kschlaghj4@creativecommons.org,204.189.216.66
2791,Deverose, Gustavo,gdeverosej6@is.gd,29.85.216.148
2793,McMychem, Lissie,lmcmychemj8@hexun.com,64.59.217.188
2795,Churchman, Essy,echurchmanja@last.fm,9.88.47.160
2797,Coulbeck, Janet,jcoulbeckjc@vinaora.com,142.143.64.189
2799,Summerbell, Kerri,ksummerbellje@wordpress.com,105.172.29.230
2801,Aleksandrov, Roth,raleksandrovjg@skyrock.com,236.119.126.199
2802,Timblett, Fredia,ftimblettjh@wix.com,244.207.184.12
2803,Hackford, Aleda,ahackfordji@dailymail.co.uk,181.113.252.129
2804,Cunnell, Bobbe,bcunnelljj@phoca.cz,88.4.11.73
2805,Danit, Belva,bdanitjk@ted.com,67.234.128.35
2806,Sketh, Freddi,fskethjl@spotify.com,5.62.8.55
2807,Ovize, Sven,sovizejm@jalbum.net,85.174.211.181
2809,Banbridge, Rafaellle,rbanbridgejo@biglobe.ne.jp,147.15.126.39
2811,Samett, Clemente,csamettjq@slashdot.org,41.189.66.136
2812,Genike, Dael,dgenikejr@yellowbook.com,246.17.159.233
2813,Cotsford, Rebeca,rcotsfordjs@dmoz.org,31.119.114.6
2814,de la Tremoille, Lisha,ldelatremoillejt@mlb.com,47.42.51.74
2815,Thumnel, Axel,athumnelju@macromedia.com,0.20.15.145
2817,Brackenbury, Kris,kbrackenburyjw@printfriendly.com,11.112.96.134
2819,Latour, Vivyanne,vlatourjy@shinystat.com,197.58.50.161
2820,Colthurst, Bethena,bcolthurstjz@acquirethisname.com,122.25.241.43
2821,Goodley, Conrado,cgoodleyk0@fema.gov,73.84.41.50
2823,Allin, Nari,nallink2@spiegel.de,84.146.79.116
2825,Trudgeon, Pace,ptrudgeonk4@mashable.com,170.87.126.172
2826,Olwen, Shayne,solwenk5@homestead.com,78.7.142.243
2827,Lovelady, Micaela,mloveladyk6@photobucket.com,5.178.206.89
2828,Couser, Maddie,mcouserk7@istockphoto.com,88.119.12.45
2829,Clell, Ignazio,iclellk8@shareasale.com,195.18.215.85
2831,Keough, Zsazsa,zkeoughka@time.com,54.57.27.103
2832,Dillow, Lita,ldillowkb@tmall.com,224.142.84.169
2833,Soppitt, Adelbert,asoppittkc@so-net.ne.jp,161.185.86.225
2834,Micheau, Gabriel,gmicheaukd@plala.or.jp,69.33.197.221
2835,Tripcony, Saw,stripconyke@telegraph.co.uk,219.225.56.138
2836,Hirsthouse, Wilmette,whirsthousekf@bloglovin.com,196.241.80.19
2837,Lawland, Berget,blawlandkg@hao123.com,188.150.165.49
2839,Kiernan, Crosby,ckiernanki@cocolog-nifty.com,243.113.20.153
2840,De Bruin, Leora,ldebruinkj@ucsd.edu,135.144.60.241
2841,Dalyell, Gunner,gdalyellkk@acquirethisname.com,123.137.184.237
2843,Kubicki, Nefen,nkubickikm@wikipedia.org,102.254.136.187
2844,O'Brogane, Nedda,nobroganekn@liveinternet.ru,207.206.164.233
2845,Simao, Eduard,esimaoko@amazon.de,79.237.85.215
2847,Legion, Blanche,blegionkq@amazonaws.com,61.75.6.14
2849,Marde, Sisely,smardeks@sakura.ne.jp,245.56.50.142
2850,Paddy, Margit,mpaddykt@miibeian.gov.cn,108.138.188.18
2851,Angove, Nils,nangoveku@yelp.com,61.133.203.74
2853,Latus, Lenci,llatuskw@nature.com,30.152.181.244
2854,Merrydew, Kimmi,kmerrydewkx@topsy.com,187.79.40.170
2855,Baskeyfield, Christoffer,cbaskeyfieldky@yellowbook.com,101.225.239.229
2856,Balint, Ashli,abalintkz@theglobeandmail.com,184.162.100.218
2857,Kulver, Daisi,dkulverl0@psu.edu,187.208.68.157
2858,Palomba, Marthe,mpalombal1@booking.com,149.61.117.241
2859,Feldmann, Gusty,gfeldmannl2@mail.ru,253.219.241.28
2860,Cullinan, Elvira,ecullinanl3@nih.gov,107.75.147.80
2861,Orgen, Kalle,korgenl4@bloglovin.com,51.174.17.246
2863,Jaksic, Arnoldo,ajaksicl6@dagondesign.com,138.5.19.249
2864,Kovnot, Nonie,nkovnotl7@comsenz.com,133.246.127.48
2865,McCritichie, Horace,hmccritichiel8@hud.gov,182.35.54.131
2867,Toten, Beatrix,btotenla@scribd.com,21.198.86.113
2868,Valero, Morganica,mvalerolb@telegraph.co.uk,151.79.89.129
2869,Minchi, Elyse,eminchilc@adobe.com,215.199.250.223
2870,Blackwell, Shandra,sblackwellld@clickbank.net,87.194.235.189
2871,Gott, Maxie,mgottle@ustream.tv,123.176.77.196
2872,Ettles, Rosy,rettleslf@newyorker.com,168.252.0.198
2873,Hinkes, Fraze,fhinkeslg@ucla.edu,245.124.36.123
2875,Micallef, Sybila,smicallefli@howstuffworks.com,175.80.176.181
2876,Constantine, Christoffer,cconstantinelj@dmoz.org,45.120.125.239
2877,Twine, Orly,otwinelk@cpanel.net,128.123.135.244
2878,Fensome, Danny,dfensomell@patch.com,110.22.69.55
2879,Lerigo, Garth,glerigolm@bbb.org,26.118.148.134
2881,Kanter, Chic,ckanterlo@irs.gov,239.30.205.102
2882,Camerana, Grazia,gcameranalp@microsoft.com,13.67.209.193
2883,Goodhand, Eba,egoodhandlq@china.com.cn,244.52.126.83
2885,Breffitt, Valida,vbreffittls@ezinearticles.com,23.132.218.219
2887,Munkley, Hilly,hmunkleylu@slashdot.org,160.123.212.198
2889,Lillecrop, Fifine,flillecroplw@squarespace.com,12.245.97.132
2891,Josebury, Hailee,hjoseburyly@ox.ac.uk,214.89.183.153
2893,Robe, Savina,srobem0@ucsd.edu,47.89.27.241
2894,O'Kinedy, Eugine,eokinedym1@house.gov,88.13.248.29
2895,Collingwood, Tomas,tcollingwoodm2@mozilla.org,43.239.182.129
2896,Dunseith, Kimbra,kdunseithm3@360.cn,42.121.93.189
2897,Toffano, Hillary,htoffanom4@networkadvertising.org,14.47.146.149
2898,Niave, Theadora,tniavem5@blinklist.com,202.32.252.154
2899,Wiggam, Brett,bwiggamm6@dyndns.org,247.9.181.252
2900,Vakhlov, Mindy,mvakhlovm7@sohu.com,17.15.172.81
2901,Butts, Karly,kbuttsm8@ucoz.ru,209.59.132.20
2903,Pittock, Hew,hpittockma@hostgator.com,64.129.60.102
2905,Pomphrey, Robby,rpomphreymc@npr.org,188.174.253.3
2906,Swidenbank, Ab,aswidenbankmd@engadget.com,97.26.174.250
2907,Ivain, Grange,givainme@icq.com,93.174.97.52
2909,Dawtrey, Aguste,adawtreymg@deliciousdays.com,8.214.165.217
2910,Scalera, Cristobal,cscaleramh@amazon.de,84.185.193.48
2911,Dosdill, Brnaby,bdosdillmi@stumbleupon.com,93.253.174.73
2912,Pill, Reidar,rpillmj@prweb.com,91.8.79.16
2913,Avrahamy, Tiebout,tavrahamymk@topsy.com,226.253.126.233
2915,Kiehnlt, Harriette,hkiehnltmm@tumblr.com,125.216.7.168
2916,Silcox, Terra,tsilcoxmn@hostgator.com,21.182.130.191
2917,Woodrow, Ginnie,gwoodrowmo@youtube.com,221.179.78.121
2918,Delaprelle, Edee,edelaprellemp@opera.com,211.16.68.66
2919,Ishchenko, Heath,hishchenkomq@wunderground.com,55.161.202.100
2921,Jimes, Franzen,fjimesms@merriam-webster.com,22.222.234.208
2922,Jahner, Seline,sjahnermt@macromedia.com,68.175.202.209
2923,Czajkowski, Marianne,mczajkowskimu@deviantart.com,90.188.217.182
2924,Farndale, Danna,dfarndalemv@cloudflare.com,8.232.139.203
2925,Turnor, Tod,tturnormw@hubpages.com,45.54.151.111
2927,Giddings, Abby,agiddingsmy@bandcamp.com,171.198.14.77
2928,Louedey, Jordan,jlouedeymz@geocities.com,167.231.162.216
2929,McAllen, Torie,tmcallenn0@gravatar.com,77.71.136.125
2931,Furley, Maure,mfurleyn2@weebly.com,30.26.118.52
2932,Hallard, Merola,mhallardn3@fda.gov,96.62.114.212
2933,Hamlington, Kaiser,khamlingtonn4@samsung.com,93.113.13.50
2934,Pethybridge, Charin,cpethybridgen5@nasa.gov,148.124.255.241
2935,Sanham, Yalonda,ysanhamn6@zimbio.com,15.227.145.98
2937,Grocott, Araldo,agrocottn8@rambler.ru,80.2.115.4
2938,Lacer, Clio,clacern9@wikia.com,116.202.166.100
2939,Easdon, Bryant,beasdonna@jiathis.com,47.26.73.73
2940,De Bernardi, Gaby,gdebernardinb@imgur.com,209.150.193.87
2941,Malmar, Cleveland,cmalmarnc@europa.eu,157.79.134.68
2943,Doodson, Peg,pdoodsonne@youku.com,122.146.248.135
2944,Kyles, Tallie,tkylesnf@cnbc.com,20.30.82.49
2945,McMillan, Buddy,bmcmillanng@multiply.com,190.89.224.165
2946,Woodruff, Aretha,awoodruffnh@t-online.de,32.59.124.245
2947,Propper, Delainey,dpropperni@google.com,128.63.217.34
2948,Rosberg, Jade,jrosbergnj@blogspot.com,143.201.117.203
2949,McGrirl, Wang,wmcgrirlnk@washingtonpost.com,66.212.252.13
2951,Wilcockes, Corrie,cwilcockesnm@nps.gov,25.190.92.62
2952,Geindre, Letta,lgeindrenn@sogou.com,61.141.86.85
2953,Tumility, Jonis,jtumilityno@tinypic.com,95.187.156.245
2954,Smewin, Virgina,vsmewinnp@indiatimes.com,70.53.169.16
2955,Goldstraw, Philippe,pgoldstrawnq@techcrunch.com,96.231.222.74
2957,Nealey, Amelita,anealeyns@businessweek.com,132.231.164.172
2959,Champneys, Orrin,ochampneysnu@com.com,22.240.69.54
2961,Elegood, Barbra,belegoodnw@skype.com,87.202.52.254
2962,Jell, Cherlyn,cjellnx@cbc.ca,31.122.44.127
2963,Jozsika, Damiano,djozsikany@google.it,223.168.183.140
2965,Kubicka, Georgena,gkubickao0@csmonitor.com,65.213.92.41
2966,O'Halligan, Mirabella,mohalligano1@creativecommons.org,243.252.221.117
2967,Midson, Karoly,kmidsono2@so-net.ne.jp,27.31.97.43
2969,Hamshar, Cornela,chamsharo4@opera.com,234.71.158.173
2970,Pilgrim, Ardis,apilgrimo5@mediafire.com,157.111.246.34
2971,Lacrouts, Ottilie,olacroutso6@auda.org.au,143.22.19.49
2973,Squirrell, Dorita,dsquirrello8@storify.com,100.110.155.18
2974,Chesshire, Jamie,jchesshireo9@hexun.com,91.155.24.141
2975,Cashen, Fred,fcashenoa@slashdot.org,89.227.203.53
2976,Stoller, Cornelia,cstollerob@apple.com,16.212.134.38
2977,Petrolli, Tiphany,tpetrollioc@ycombinator.com,235.73.204.197
2979,Barradell, Katlin,kbarradelloe@wisc.edu,105.73.76.192
2981,Cardenosa, Gaby,gcardenosaog@geocities.jp,10.211.252.82
2982,Coaten, Glennie,gcoatenoh@list-manage.com,105.84.212.222
2983,Kaufman, Ottilie,okaufmanoi@biblegateway.com,137.85.65.91
2985,McKibbin, Marla,mmckibbinok@mtv.com,182.245.12.114
2986,Faithfull, Fleurette,ffaithfullol@java.com,57.166.12.122
2987,Blanpein, Bryce,bblanpeinom@nyu.edu,102.182.174.28
2988,Sheilds, Jaquelin,jsheildson@psu.edu,13.212.18.45
2989,Keary, Franz,fkearyoo@senate.gov,212.76.16.187
2991,Bohlens, Glad,gbohlensoq@ucla.edu,41.238.39.145
2993,Spreag, Rodie,rspreagos@wisc.edu,157.180.226.75
2994,Kirlin, Freddi,fkirlinot@meetup.com,60.90.54.127
2995,Jimmes, Noble,njimmesou@cocolog-nifty.com,222.154.192.183
2996,Noe, Marisa,mnoeov@toplist.cz,67.126.57.48
2997,Joriot, Brod,bjoriotow@abc.net.au,32.186.108.214
2999,Bowbrick, Bran,bbowbrickoy@php.net,64.204.66.197
3000,Spurgin, Yelena,yspurginoz@photobucket.com,214.215.47.60
3001,Pridgeon, Chick,cpridgeonp0@latimes.com,58.68.21.17
3003,Francesch, Lyndel,lfranceschp2@deliciousdays.com,89.73.226.198
3004,Gerrad, Susan,sgerradp3@livejournal.com,244.214.52.67
3005,Yell, Ramsay,ryellp4@sina.com.cn,247.104.245.253
3007,Berriman, Rosco,rberrimanp6@sogou.com,138.9.116.72
3008,Moxon, Cammi,cmoxonp7@homestead.com,234.31.60.96
3009,Basey, Sharleen,sbaseyp8@mayoclinic.com,27.237.80.113
3011,Whapple, Nollie,nwhapplepa@theatlantic.com,130.220.51.38
3012,Poor, Lanita,lpoorpb@zdnet.com,255.133.189.171
3013,Opfer, Rodney,ropferpc@time.com,155.45.163.26
3014,Willers, Hattie,hwillerspd@discuz.net,243.237.101.30
3015,Demoge, Eran,edemogepe@cbslocal.com,180.91.132.131
3017,Marian, Mary,mmarianpg@wordpress.com,248.125.107.152
3018,Ayrs, Natala,nayrsph@columbia.edu,109.247.129.172
3019,Malling, Sascha,smallingpi@goo.ne.jp,187.108.128.66
3020,Bexon, Tiphany,tbexonpj@yellowbook.com,58.121.239.206
3021,Braundt, Micaela,mbraundtpk@prnewswire.com,195.199.20.242
3022,Maffy, Kendre,kmaffypl@latimes.com,130.118.203.69
3023,Dechelette, Kennedy,kdechelettepm@naver.com,138.60.198.38
3025,Sparwell, Hieronymus,hsparwellpo@blinklist.com,96.200.49.206
3027,Webber, Iona,iwebberpq@yelp.com,177.221.187.152
3028,MacRirie, Genvieve,gmacririepr@si.edu,163.127.1.253
3029,Thorlby, Buckie,bthorlbyps@ucoz.ru,154.40.184.240
3030,Yokel, Hilde,hyokelpt@rakuten.co.jp,0.120.9.155
3031,Jumonet, Tawnya,tjumonetpu@dailymotion.com,158.212.117.17
3033,Wait, Nicolis,nwaitpw@xinhuanet.com,82.255.192.14
3035,Thies, Randi,rthiespy@bbb.org,207.86.142.124
3037,Cirlos, Sully,scirlosq0@jimdo.com,228.236.109.174
3039,Cubberley, Gordie,gcubberleyq2@redcross.org,241.231.235.110
3041,Bareham, Amargo,abarehamq4@storify.com,182.7.211.44
3043,Santello, Knox,ksantelloq6@webnode.com,157.128.146.72
3045,Parbrook, Staffard,sparbrookq8@patch.com,20.243.127.33
3046,Belin, Gabey,gbelinq9@sphinn.com,232.248.228.120
3047,Smitton, Etta,esmittonqa@redcross.org,246.48.135.88
3048,Atley, Adeline,aatleyqb@army.mil,238.227.234.162
3049,Rye, Ira,iryeqc@auda.org.au,69.42.67.118
3050,Hasell, Fidela,fhasellqd@theguardian.com,23.32.35.103
3051,Fenby, Jonathan,jfenbyqe@stumbleupon.com,156.113.192.12
3052,McKitterick, Noelle,nmckitterickqf@github.com,219.61.89.126
3053,Linebarger, Horatius,hlinebargerqg@gravatar.com,197.217.190.237
3054,Isakov, Nola,nisakovqh@china.com.cn,30.80.178.78
3055,Whimper, Justin,jwhimperqi@goo.ne.jp,165.228.130.147
3056,Beet, Analiese,abeetqj@macromedia.com,251.79.242.197
3057,Simmings, Hedwig,hsimmingsqk@qq.com,30.245.120.211
3058,Knatt, Olympia,oknattql@trellian.com,186.48.154.17
3059,Kindread, Odie,okindreadqm@ning.com,217.10.4.116
3061,Doles, Allin,adolesqo@fda.gov,73.76.141.138
3062,Rivelon, Lucine,lrivelonqp@usda.gov,121.9.232.193
3063,Gratten, Aurora,agrattenqq@cafepress.com,72.31.188.24
3064,Thackwray, Andree,athackwrayqr@purevolume.com,12.3.229.213
3065,Harrhy, Basil,bharrhyqs@bigcartel.com,238.239.248.163
3066,Dufour, Darya,ddufourqt@whitehouse.gov,100.17.98.146
3067,Fellnee, Alice,afellneequ@sfgate.com,30.209.16.14
3069,Damrell, Sigfried,sdamrellqw@163.com,223.4.103.23
3070,O'Hern, Cher,cohernqx@yale.edu,198.33.175.156
3071,Shakspeare, Olive,oshakspeareqy@msu.edu,44.47.220.157
3072,Craighall, Heddie,hcraighallqz@printfriendly.com,105.68.154.243
3073,Jzak, Ricki,rjzakr0@bandcamp.com,64.193.51.160
3074,Pottage, Towny,tpottager1@globo.com,212.160.97.115
3075,Ivermee, Cally,civermeer2@360.cn,87.71.15.95
3076,Tatem, Emmey,etatemr3@reverbnation.com,87.142.10.242
3077,Dimbleby, Lamar,ldimblebyr4@about.me,130.147.92.142
3079,Mandal, Maryann,mmandalr6@cafepress.com,166.203.144.181
3080,Ranscomb, Donia,dranscombr7@ifeng.com,219.60.160.181
3081,Ingolotti, Lorita,lingolottir8@goo.ne.jp,202.232.238.124
3083,Dobbing, Tim,tdobbingra@stanford.edu,218.206.149.97
3084,Claiden, Vanni,vclaidenrb@wufoo.com,159.96.98.105
3085,Nock, Evanne,enockrc@gov.uk,207.119.62.13
3087,Frosch, Ravi,rfroschre@geocities.com,70.122.115.132
3088,O'Sharry, Janenna,josharryrf@sciencedaily.com,11.0.9.220
3089,Caruth, Kristo,kcaruthrg@army.mil,220.208.81.60
3090,Soan, Henrie,hsoanrh@hubpages.com,214.213.44.230
3091,Garton, Paolina,pgartonri@parallels.com,160.250.45.246
3092,Stilgoe, Felecia,fstilgoerj@posterous.com,43.36.33.19
3093,Gamett, Wendall,wgamettrk@ycombinator.com,251.203.8.208
3095,Sammes, Cosimo,csammesrm@wordpress.org,243.1.54.71
3097,Parsonson, Lorenzo,lparsonsonro@webs.com,11.38.110.30
3098,Summersett, Evvy,esummersettrp@behance.net,222.108.211.161
3099,Arenson, Adrian,aarensonrq@reddit.com,187.228.251.170
3100,Mayow, Sebastiano,smayowrr@wikipedia.org,45.243.48.163
