id,first_name,last_name,email,gender,ip_address
1001,Gerianna,Lewens,glewens0@ftc.gov,Female,165.61.81.240
1002,Chiquita,Seak,cseak1@ucsd.edu,Female,72.21.52.16
1003,Frederigo,Axell,faxell2@hao123.com,Male,118.95.252.89
1004,Windy,Cready,wcready3@europa.eu,Genderqueer,185.158.118.233
1005,Johna,Purdey,jpurdey4@stumbleupon.com,Female,163.30.140.66
1006,Fitz,Trahair,ftrahair5@yellowpages.com,Male,117.197.208.179
1007,Sallie,Jestico,sjestico6@goo.ne.jp,Female,214.93.173.3
1008,Jennifer,Blunderfield,jblunderfield7@amazon.de,Female,92.93.27.10
1009,Susi,McGrudder,smcgrudder8@admin.ch,Female,200.120.134.125
1010,Pattin,Cormode,pcormode9@bloglines.com,Male,177.173.115.52
1011,Zea,Papa,zpapaa@patch.com,Female,141.240.6.219
1012,Jehanna,Calliss,jcallissb@reference.com,Genderfluid,52.0.254.12
1013,Afton,Pactat,apactatc@dell.com,Female,45.105.45.39
1014,Garold,Vickors,gvickorsd@ucla.edu,Male,35.217.45.43
1015,Ruthann,Bastick,rbasticke@dyndns.org,Female,133.212.49.56
1016,Aubert,Avo,aavof@hexun.com,Bigender,91.61.250.180
1017,Ike,Whates,iwhatesg@si.edu,Male,129.214.187.147
1018,Wendel,Frangleton,wfrangletonh@umich.edu,Male,159.188.154.231
1019,Carl,Dunnan,cdunnani@4shared.com,Male,33.159.145.230
1020,Em,Hares,eharesj@devhub.com,Female,73.183.10.178
1021,Ariela,Caron,acaronk@ask.com,Female,57.110.91.190
1022,Saundra,Connealy,sconnealyl@digg.com,Male,55.112.88.185
1023,Marylynne,Hanshaw,mhanshawm@smugmug.com,Female,240.84.46.74
1024,Tova,Purbrick,tpurbrickn@salon.com,Polygender,52.189.246.176
1025,Katusha,Oxbrow,koxbrowo@twitter.com,Female,139.91.180.227
1026,Maire,Smales,msmalesp@ucla.edu,Female,70.108.130.18
1027,Marj,McGookin,mmcgookinq@hatena.ne.jp,Female,79.128.140.146
1028,Patton,Trewhitt,ptrewhittr@ftc.gov,Male,9.83.170.205
1029,Gerianna,Sloy,gsloys@imdb.com,Female,171.194.203.219
1030,Aurora,Nathan,anathant@cafepress.com,Female,225.52.213.184
1031,Delaney,Palffrey,dpalffreyu@nyu.edu,Male,2.85.178.116
1032,Roana,Saffon,rsaffonv@live.com,Female,78.196.115.195
1033,Jillane,Postle,jpostlew@deliciousdays.com,Polygender,234.0.72.250
1034,Merilyn,Ryle,mrylex@washington.edu,Female,230.203.112.105
1035,Jerry,Medland,jmedlandy@archive.org,Male,172.175.220.50
1036,Marcia,Matthias,mmatthiasz@xinhuanet.com,Female,100.112.60.250
1037,Richmound,Dignall,rdignall10@shinystat.com,Male,40.48.205.208
1038,Hadley,Ibbison,hibbison11@geocities.jp,Male,56.143.209.78
1039,Richie,Croote,rcroote12@noaa.gov,Male,184.165.47.80
1040,Ewart,Shew,eshew13@toplist.cz,Male,109.119.236.254
1041,Muffin,Dowden,mdowden14@vinaora.com,Male,173.140.75.38
1042,Algernon,Whitland,awhitland15@usnews.com,Male,221.206.137.207
1043,Annabal,Padley,apadley16@jugem.jp,Female,78.200.24.194
1044,Killy,O'Glassane,koglassane17@seesaa.net,Male,82.108.222.61
1045,Tami,Elleray,telleray18@google.co.uk,Female,117.56.112.233
1046,Lu,Blayney,lblayney19@hubpages.com,Female,246.237.59.85
1047,Freeman,Saywell,fsaywell1a@census.gov,Male,57.56.43.220
1048,Rosalie,Kynsey,rkynsey1b@issuu.com,Female,51.95.146.97
1049,Emmalynn,Lemerie,elemerie1c@csmonitor.com,Female,188.83.109.151
1050,Harman,MacRinn,hmacrinn1d@home.pl,Male,5.250.178.162
1051,Barn,McGinly,bmcginly1e@wsj.com,Male,108.127.10.157
1052,Ahmed,Hambridge,ahambridge1f@i2i.jp,Male,42.142.115.194
1053,Moise,Sitlinton,msitlinton1g@squidoo.com,Male,227.190.94.122
1054,Klara,Fishpool,kfishpool1h@xinhuanet.com,Non-binary,102.25.96.16
1055,Rebeka,Combe,rcombe1i@google.pl,Female,241.52.144.99
1056,Tomkin,Alexander,talexander1j@hhs.gov,Male,78.137.225.34
1057,Zarla,Lotte,zlotte1k@i2i.jp,Female,133.204.192.149
1058,Oberon,Hawksworth,ohawksworth1l@ft.com,Bigender,249.129.21.134
1059,Cindie,Stening,cstening1m@nbcnews.com,Female,229.110.62.231
1060,Carilyn,Conn,cconn1n@europa.eu,Female,171.253.60.251
1061,Izabel,Wayon,iwayon1o@theglobeandmail.com,Female,144.122.59.253
1062,Samuel,Reaman,sreaman1p@gov.uk,Male,126.123.116.135
1063,Willy,Moodycliffe,wmoodycliffe1q@dmoz.org,Male,17.208.150.251
1064,Arron,Annies,aannies1r@ox.ac.uk,Male,132.216.237.255
1065,Vicki,Hendonson,vhendonson1s@wsj.com,Female,91.38.77.63
1066,Nathanael,Josephov,njosephov1t@usgs.gov,Male,212.123.54.224
1067,Bren,Loughman,bloughman1u@redcross.org,Male,231.181.225.84
1068,Vail,Hazelgrove,vhazelgrove1v@upenn.edu,Male,0.237.208.92
1069,Koenraad,Kinnin,kkinnin1w@theguardian.com,Genderqueer,60.20.78.5
1070,Pippa,Rylands,prylands1x@omniture.com,Female,183.226.24.242
1071,Valida,Bethune,vbethune1y@berkeley.edu,Female,11.203.113.103
1072,Jared,Kurt,jkurt1z@latimes.com,Male,232.42.7.150
1073,Elspeth,Brameld,ebrameld20@sogou.com,Female,8.160.83.36
1074,Colette,O'Lenechan,colenechan21@comcast.net,Female,13.109.7.243
1075,Paule,Monsey,pmonsey22@drupal.org,Female,88.119.184.24
1076,Lurleen,Turfrey,lturfrey23@mozilla.org,Female,31.153.65.234
1077,Roldan,Branston,rbranston24@addthis.com,Male,161.206.146.81
1078,Bernardo,Flaws,bflaws25@shareasale.com,Non-binary,101.252.144.236
1079,Kora,Lindenbluth,klindenbluth26@hhs.gov,Female,28.167.131.178
1080,Dorotea,Cowmeadow,dcowmeadow27@google.com.au,Female,117.20.110.33
1081,Jacqueline,Hawket,jhawket28@jugem.jp,Female,219.19.157.253
1082,Tillie,Danaher,tdanaher29@adobe.com,Female,222.175.56.4
1083,Victor,Branchett,vbranchett2a@over-blog.com,Male,190.131.70.164
1084,Olwen,Skewis,oskewis2b@google.it,Female,148.166.59.106
1085,Kai,Hollyland,khollyland2c@springer.com,Female,173.20.138.72
1086,Eadith,Cunrado,ecunrado2d@statcounter.com,Female,215.132.228.109
1087,Evelin,Eighteen,eeighteen2e@ibm.com,Male,203.250.245.81
1088,Birk,Gounin,bgounin2f@myspace.com,Bigender,66.228.137.161
1089,Artur,Fearnall,afearnall2g@shop-pro.jp,Male,149.17.167.188
1090,Aile,Inkles,ainkles2h@mayoclinic.com,Non-binary,236.151.238.221
1091,Klara,Mushart,kmushart2i@gnu.org,Female,178.64.214.162
1092,Lucian,Panketh,lpanketh2j@nbcnews.com,Male,255.37.90.101
1093,Robena,Huntington,rhuntington2k@cnet.com,Female,134.21.199.69
1094,Caril,Sweetenham,csweetenham2l@zdnet.com,Female,221.251.191.88
1095,Duke,Gudger,dgudger2m@wix.com,Male,238.134.182.245
1096,Merrilee,Tonkinson,mtonkinson2n@creativecommons.org,Female,104.196.235.140
1097,Quinn,Kuhle,qkuhle2o@go.com,Male,20.133.195.154
1098,Abran,Oglethorpe,aoglethorpe2p@walmart.com,Non-binary,68.185.206.172
1099,Davey,Nanson,dnanson2q@scribd.com,Male,149.36.120.232
1100,Elenore,Kuna,ekuna2r@google.nl,Female,254.216.73.7
1101,Kathe,Cornfoot,kcornfoot2s@yahoo.co.jp,Female,123.136.13.88
1102,Amaleta,Banbridge,abanbridge2t@4shared.com,Female,40.212.209.78
1103,Gilberto,MacAulay,gmacaulay2u@dyndns.org,Male,54.11.237.216
1104,Inger,Le Fevre,ilefevre2v@slashdot.org,Female,142.244.236.235
1105,Marten,Trass,mtrass2w@opensource.org,Male,254.29.101.209
1106,Klement,Allcock,kallcock2x@microsoft.com,Male,96.128.108.69
1107,Ivett,Iliffe,iiliffe2y@istockphoto.com,Female,193.56.220.172
1108,Matthaeus,Meanwell,mmeanwell2z@ftc.gov,Male,105.169.158.56
1109,Tillie,Dudhill,tdudhill30@hatena.ne.jp,Female,140.90.251.191
1110,Colas,Glencrash,cglencrash31@surveymonkey.com,Male,90.199.118.84
1111,Thorvald,Prior,tprior32@boston.com,Male,40.78.160.36
1112,Jarred,Wurz,jwurz33@deviantart.com,Male,174.154.82.10
1113,Merridie,Clew,mclew34@tripod.com,Female,42.202.246.205
1114,Arlina,Prisley,aprisley35@freewebs.com,Female,150.105.255.146
1115,Tresa,Flounders,tflounders36@biblegateway.com,Female,220.141.154.78
1116,Court,Tansey,ctansey37@home.pl,Male,158.45.67.49
1117,Hugues,Petch,hpetch38@youtube.com,Male,52.72.115.232
1118,Dinnie,Poultney,dpoultney39@networkadvertising.org,Female,53.222.233.175
1119,Jabez,McInnery,jmcinnery3a@slashdot.org,Male,220.50.1.169
1120,Rianon,Kember,rkember3b@gravatar.com,Female,102.177.132.86
1121,Aila,Maccaig,amaccaig3c@rakuten.co.jp,Female,80.244.88.58
1122,Lynn,Staynes,lstaynes3d@nhs.uk,Male,253.41.78.190
1123,Lisbeth,Golly,lgolly3e@qq.com,Female,26.42.19.135
1124,Nessy,Stummeyer,nstummeyer3f@typepad.com,Female,43.58.90.55
1125,Orran,Sambrook,osambrook3g@washington.edu,Male,94.200.222.214
1126,Horace,Caught,hcaught3h@shop-pro.jp,Male,108.177.85.118
1127,Bev,Kirtlan,bkirtlan3i@ucoz.com,Male,100.80.71.184
1128,Mort,Tuckett,mtuckett3j@cbsnews.com,Male,118.203.119.129
1129,Gareth,Ellery,gellery3k@sogou.com,Male,19.104.81.250
1130,Garret,Haberjam,ghaberjam3l@mac.com,Male,63.4.238.40
1131,Ursala,Trangmar,utrangmar3m@youtu.be,Female,42.164.205.33
1132,Quinn,Amori,qamori3n@cdbaby.com,Agender,85.198.177.219
1133,Bruis,McQuode,bmcquode3o@mac.com,Male,197.99.185.151
1134,Wilie,McReath,wmcreath3p@diigo.com,Female,211.137.209.13
1135,Isaiah,Le Breton,ilebreton3q@sohu.com,Male,242.198.220.158
1136,Shannen,Yegorkov,syegorkov3r@goo.ne.jp,Female,39.151.236.68
1137,Boone,MacCall,bmaccall3s@spotify.com,Male,180.181.30.61
1138,Jocko,Renzo,jrenzo3t@phoca.cz,Male,210.100.86.182
1139,Dorelle,Jefferson,djefferson3u@nymag.com,Female,249.223.202.255
1140,Aime,Itzkovici,aitzkovici3v@dailymail.co.uk,Female,115.116.8.177
1141,Wayne,Quinney,wquinney3w@sbwire.com,Male,119.166.234.6
1142,Sandie,Gartell,sgartell3x@cmu.edu,Female,144.146.174.76
1143,Gay,Jenne,gjenne3y@psu.edu,Female,15.47.208.208
1144,Tiler,Mebes,tmebes3z@sohu.com,Male,31.6.183.51
1145,Brnaba,Necrews,bnecrews40@sciencedaily.com,Male,218.223.40.135
1146,Charmain,Marchenko,cmarchenko41@prweb.com,Female,87.103.153.115
1147,Fanny,Fumagalli,ffumagalli42@kickstarter.com,Female,47.40.149.46
1148,Demetris,Grutchfield,dgrutchfield43@merriam-webster.com,Female,45.237.239.24
1149,Sandye,Lamden,slamden44@nsw.gov.au,Female,20.238.150.111
1150,Tod,Danilovitch,tdanilovitch45@t.co,Male,106.15.43.156
1151,Lindy,Ferrarone,lferrarone46@canalblog.com,Bigender,81.253.75.79
1152,Jonis,Youles,jyoules47@ehow.com,Female,241.8.225.122
1153,Tremayne,Gallear,tgallear48@princeton.edu,Male,129.41.179.211
1154,Fanchette,Richter,frichter49@dyndns.org,Genderfluid,248.221.237.155
1155,Nappie,Douthwaite,ndouthwaite4a@printfriendly.com,Male,192.221.12.58
1156,Garvin,Chicotti,gchicotti4b@ca.gov,Male,172.186.51.147
1157,Lisabeth,Houston,lhouston4c@jugem.jp,Female,151.219.29.52
1158,Junina,Klement,jklement4d@booking.com,Female,111.149.52.175
1159,Gwenneth,Mayhead,gmayhead4e@godaddy.com,Genderqueer,249.179.184.80
1160,Thomasin,McClune,tmcclune4f@walmart.com,Female,72.164.97.192
1161,Tillie,Mc Giffin,tmcgiffin4g@printfriendly.com,Female,220.11.128.108
1162,Korrie,Chartre,kchartre4h@zdnet.com,Female,50.9.62.240
1163,Lenci,Haye,lhaye4i@t.co,Male,157.192.191.246
1164,Grant,Willoway,gwilloway4j@tinyurl.com,Male,54.37.140.135
1165,Opal,McJerrow,omcjerrow4k@webs.com,Bigender,196.245.35.130
1166,Silvia,Rainton,srainton4l@cpanel.net,Female,13.185.75.244
1167,Travis,Plumbe,tplumbe4m@nba.com,Male,36.145.130.195
1168,Sibella,Game,sgame4n@yahoo.co.jp,Female,111.39.115.35
1169,Florina,Duhig,fduhig4o@parallels.com,Genderqueer,29.62.235.95
1170,Amabelle,Cunradi,acunradi4p@4shared.com,Female,33.56.182.238
1171,Drusilla,House,dhouse4q@storify.com,Female,114.204.75.87
1172,Alon,Tallowin,atallowin4r@blinklist.com,Male,121.89.57.181
1173,Leeanne,Golder,lgolder4s@prnewswire.com,Female,8.227.202.161
1174,Erika,Saunderson,esaunderson4t@statcounter.com,Polygender,125.78.238.89
1175,Markus,Bevir,mbevir4u@odnoklassniki.ru,Male,85.224.129.211
1176,Panchito,Colrein,pcolrein4v@statcounter.com,Male,26.186.206.29
1177,Almeda,Silverwood,asilverwood4w@pen.io,Female,189.44.181.78
1178,Dolores,Forge,dforge4x@wiley.com,Female,185.199.116.199
1179,Alister,Nickell,anickell4y@furl.net,Male,59.81.171.193
1180,Farrel,Rodmell,frodmell4z@opera.com,Male,68.107.145.113
1181,Augustin,Wilkie,awilkie50@nba.com,Male,240.44.207.4
1182,Donnell,Megson,dmegson51@php.net,Bigender,229.211.105.212
1183,Chet,Kwietak,ckwietak52@exblog.jp,Male,127.206.28.225
1184,Hedvige,Jolliss,hjolliss53@seattletimes.com,Agender,164.147.239.196
1185,Rocky,Gainfort,rgainfort54@shop-pro.jp,Male,31.66.232.229
1186,Creigh,Dussy,cdussy55@google.pl,Male,254.9.132.186
1187,April,Brauner,abrauner56@hibu.com,Female,126.173.17.194
1188,Micheil,Le Quesne,mlequesne57@tripod.com,Male,197.223.17.47
1189,Ulrick,Luto,uluto58@twitter.com,Male,81.3.35.88
1190,Germaine,Ladd,gladd59@scientificamerican.com,Male,38.117.226.67
1191,Geri,Dryburgh,gdryburgh5a@gizmodo.com,Male,49.5.144.66
1192,Den,Randell,drandell5b@cbsnews.com,Male,182.242.210.111
1193,Fonz,Brownill,fbrownill5c@google.it,Male,207.81.224.179
1194,Casie,La Croce,clacroce5d@auda.org.au,Female,222.144.174.40
1195,Allsun,Jarley,ajarley5e@unblog.fr,Female,176.139.167.77
1196,Brett,Thumnel,bthumnel5f@imageshack.us,Male,240.115.194.144
1197,Evvie,Chinnock,echinnock5g@usgs.gov,Female,96.34.253.187
1198,Evelina,Bothen,ebothen5h@artisteer.com,Female,37.224.4.42
1199,Devland,Gubbin,dgubbin5i@woothemes.com,Male,111.53.125.226
1200,Valentijn,Pitrelli,vpitrelli5j@spotify.com,Male,76.253.220.186
1201,Allys,Uttridge,auttridge5k@ow.ly,Female,137.160.91.75
1202,Farra,Gloves,fgloves5l@over-blog.com,Female,180.82.228.48
1203,Lorelle,Derr,lderr5m@cbc.ca,Female,5.62.112.178
1204,Kristi,Sparrowe,ksparrowe5n@weebly.com,Female,4.139.3.124
1205,Alvira,Osmund,aosmund5o@live.com,Female,135.142.39.183
1206,Gauthier,Piche,gpiche5p@hibu.com,Male,209.248.229.12
1207,Fidel,Leahy,fleahy5q@merriam-webster.com,Male,90.140.183.232
1208,Callean,Gilchriest,cgilchriest5r@ibm.com,Male,88.113.220.223
1209,Penelope,Dregan,pdregan5s@ning.com,Female,35.236.239.35
1210,Harriett,Munden,hmunden5t@cornell.edu,Female,6.60.188.86
1211,Gayler,Paskerful,gpaskerful5u@ustream.tv,Male,4.139.221.251
1212,Neel,Kildea,nkildea5v@hud.gov,Male,22.154.206.134
1213,Aksel,Isacke,aisacke5w@desdev.cn,Male,85.78.94.1
1214,Kirby,Albone,kalbone5x@is.gd,Female,102.6.145.117
1215,Dorice,Borles,dborles5y@geocities.jp,Female,246.2.60.103
1216,Nada,Dehm,ndehm5z@deliciousdays.com,Female,249.25.58.111
1217,Sioux,MacKessock,smackessock60@joomla.org,Female,210.78.181.11
1218,Belle,Pirt,bpirt61@cbslocal.com,Female,26.14.191.226
1219,Normy,McRill,nmcrill62@blogs.com,Male,151.43.135.209
1220,Nyssa,McGrirl,nmcgrirl63@howstuffworks.com,Female,254.226.107.210
1221,Jesse,Preshaw,jpreshaw64@canalblog.com,Female,104.211.43.43
1222,Enos,Dark,edark65@seesaa.net,Male,193.33.165.225
1223,Corissa,Roadknight,croadknight66@weather.com,Female,166.251.96.27
1224,Abeu,Allsep,aallsep67@accuweather.com,Male,248.5.21.29
1225,Milissent,Terzi,mterzi68@imageshack.us,Genderfluid,242.42.183.178
1226,Jacqueline,Lombardo,jlombardo69@typepad.com,Female,253.75.96.73
1227,Dudley,Layman,dlayman6a@ycombinator.com,Male,71.124.185.130
1228,Leonhard,Lambe,llambe6b@wsj.com,Male,10.10.32.10
1229,Arie,Woolstenholmes,awoolstenholmes6c@si.edu,Male,188.139.75.254
1230,Algernon,Futty,afutty6d@paypal.com,Male,83.246.231.157
1231,Rubin,Test,rtest6e@answers.com,Male,14.187.232.247
1232,Thomasin,Gethouse,tgethouse6f@goo.ne.jp,Female,123.107.97.80
1233,Carlin,Thombleson,cthombleson6g@reference.com,Male,198.149.117.219
1234,Juditha,Ceeley,jceeley6h@soup.io,Agender,24.32.30.141
1235,Batholomew,Fancourt,bfancourt6i@liveinternet.ru,Male,69.50.166.14
1236,Angie,Kinchington,akinchington6j@unesco.org,Female,60.165.247.170
1237,Tracie,Schenfisch,tschenfisch6k@usgs.gov,Female,143.131.83.18
1238,Mathew,Huggons,mhuggons6l@nsw.gov.au,Male,27.10.150.244
1239,Cecelia,Eakins,ceakins6m@vimeo.com,Female,204.114.155.32
1240,Madelena,Petrou,mpetrou6n@buzzfeed.com,Polygender,236.188.78.77
1241,Boniface,Duro,bduro6o@netlog.com,Male,172.15.105.206
1242,Phebe,Elphey,pelphey6p@macromedia.com,Female,197.168.124.217
1243,Caesar,Bullon,cbullon6q@latimes.com,Male,21.242.138.65
1244,Bianca,Barr,bbarr6r@cnbc.com,Female,37.227.131.248
1245,Ericha,Ashbee,eashbee6s@bbb.org,Female,175.150.168.146
1246,Dunn,Klugel,dklugel6t@flickr.com,Male,129.46.153.38
1247,Darell,Mc Giffin,dmcgiffin6u@omniture.com,Female,148.168.107.232
1248,Brigg,Salerg,bsalerg6v@cnet.com,Male,136.120.160.144
1249,Maximilien,Reiach,mreiach6w@webnode.com,Male,36.203.154.254
1250,Harcourt,Berthot,hberthot6x@com.com,Male,138.226.23.101
1251,Lonnie,Volke,lvolke6y@si.edu,Male,167.97.145.236
1252,Pierce,McCarl,pmccarl6z@msn.com,Agender,179.77.155.66
1253,Christoforo,Reinard,creinard70@sohu.com,Male,73.211.243.123
1254,Annice,Trammel,atrammel71@psu.edu,Female,139.243.3.60
1255,Kerrill,Stollenbeck,kstollenbeck72@goodreads.com,Bigender,38.174.146.40
1256,Terri,McRitchie,tmcritchie73@ifeng.com,Male,162.214.18.169
1257,Libbey,Fernely,lfernely74@trellian.com,Female,191.44.57.223
1258,Fan,McNelly,fmcnelly75@senate.gov,Female,18.158.140.122
1259,Dimitri,Sumsion,dsumsion76@yahoo.com,Male,185.173.148.18
1260,Kirsten,Staddart,kstaddart77@arstechnica.com,Female,20.57.93.248
1261,Kendre,Acory,kacory78@lycos.com,Female,29.62.188.188
1262,Symon,Merrill,smerrill79@icio.us,Male,1.118.7.36
1263,Thorsten,Delouch,tdelouch7a@t.co,Male,8.225.197.68
1264,Mycah,Knyvett,mknyvett7b@unicef.org,Male,190.5.219.187
1265,Mariana,Anthon,manthon7c@businesswire.com,Female,42.109.103.156
1266,Krysta,Lothlorien,klothlorien7d@nationalgeographic.com,Female,135.20.245.243
1267,Consuelo,Yesinov,cyesinov7e@pbs.org,Female,200.54.78.76
1268,Bearnard,Kelso,bkelso7f@weebly.com,Male,23.224.116.206
1269,Bartolemo,Danielsky,bdanielsky7g@nymag.com,Male,34.29.22.231
1270,Vincents,Caramuscia,vcaramuscia7h@umn.edu,Male,39.143.59.184
1271,Vale,Ortas,vortas7i@ihg.com,Male,35.193.228.156
1272,Constantino,Ruggieri,cruggieri7j@dailymail.co.uk,Male,66.215.177.158
1273,Alysa,Anwell,aanwell7k@wordpress.org,Female,0.253.129.70
1274,Koenraad,Pursehouse,kpursehouse7l@gnu.org,Male,119.218.128.19
1275,Jerrilee,Benger,jbenger7m@angelfire.com,Female,33.206.43.114
1276,Albert,Fadian,afadian7n@imdb.com,Male,217.71.71.232
1277,Shadow,Muck,smuck7o@kickstarter.com,Male,40.221.65.186
1278,Brendis,Doran,bdoran7p@wiley.com,Male,247.192.249.166
1279,Garvy,Hammelberg,ghammelberg7q@delicious.com,Genderqueer,204.72.168.198
1280,Candra,Granville,cgranville7r@hc360.com,Agender,181.189.183.211
1281,Carlene,Duchateau,cduchateau7s@mozilla.org,Female,229.22.136.144
1282,Abey,Kike,akike7t@exblog.jp,Male,226.254.118.133
1283,Alyss,Sturr,asturr7u@nasa.gov,Genderqueer,84.195.95.131
1284,Nanny,Attkins,nattkins7v@paypal.com,Non-binary,246.57.71.70
1285,Ken,Hammerman,khammerman7w@gmpg.org,Polygender,164.171.115.211
1286,Noni,Rays,nrays7x@cbslocal.com,Female,11.11.152.243
1287,Nehemiah,Stanlock,nstanlock7y@mapquest.com,Male,35.161.184.136
1288,Sandra,Norssister,snorssister7z@spotify.com,Female,40.205.119.175
1289,Will,Loughren,wloughren80@pcworld.com,Male,1.251.24.187
1290,Aristotle,Fellon,afellon81@t-online.de,Male,116.187.29.157
1291,Rodrick,Splaven,rsplaven82@fema.gov,Male,50.98.206.85
1292,Willetta,Alexander,walexander83@narod.ru,Female,204.179.149.19
1293,Koralle,Chimenti,kchimenti84@reddit.com,Genderqueer,193.14.16.212
1294,Otes,Carvell,ocarvell85@quantcast.com,Male,157.1.139.29
1295,Tadio,Hanington,thanington86@wordpress.org,Bigender,145.157.37.141
1296,Fredric,Flounders,fflounders87@altervista.org,Male,116.44.210.65
1297,Mercedes,Le Provost,mleprovost88@buzzfeed.com,Agender,163.95.22.212
1298,Gladys,Orteu,gorteu89@sfgate.com,Female,32.120.59.241
1299,Tyson,McBrier,tmcbrier8a@va.gov,Male,94.41.35.106
1300,Jeanne,Simants,jsimants8b@google.fr,Female,126.3.76.79
1301,Mathias,Tsarovic,mtsarovic8c@chicagotribune.com,Male,30.164.183.31
1302,Zebulen,Cansdale,zcansdale8d@paypal.com,Male,195.249.129.163
1303,Miran,Neighbour,mneighbour8e@aol.com,Female,4.220.203.16
1304,Fonzie,Kupker,fkupker8f@salon.com,Male,13.98.245.4
1305,Stern,Dransfield,sdransfield8g@is.gd,Male,136.25.6.42
1306,Vanni,Gonthier,vgonthier8h@hc360.com,Female,190.145.126.175
1307,Merle,Dyer,mdyer8i@bloglines.com,Female,171.13.239.26
1308,Sonni,Eales,seales8j@yahoo.co.jp,Genderqueer,219.244.85.167
1309,Hortense,Lawling,hlawling8k@xrea.com,Female,198.83.78.228
1310,Raynor,Flori,rflori8l@simplemachines.org,Male,68.181.39.170
1311,Gabriel,Evett,gevett8m@xinhuanet.com,Female,67.43.143.180
1312,Cassaundra,Chippindale,cchippindale8n@statcounter.com,Female,220.219.70.157
1313,Boycey,Yakushkin,byakushkin8o@harvard.edu,Male,56.96.212.2
1314,Cal,Rutigliano,crutigliano8p@nytimes.com,Female,214.44.32.30
1315,Eduino,Fowler,efowler8q@walmart.com,Male,115.216.95.46
1316,Bamby,Siemon,bsiemon8r@microsoft.com,Female,153.115.238.190
1317,Ashbey,Kalf,akalf8s@drupal.org,Male,110.65.70.141
1318,Adlai,Walkington,awalkington8t@liveinternet.ru,Male,213.186.13.119
1319,Anton,Hadeke,ahadeke8u@shutterfly.com,Male,254.154.157.18
1320,Gregory,Gerger,ggerger8v@ted.com,Male,193.43.235.10
1321,Alfonse,de Almeida,adealmeida8w@mapquest.com,Male,207.227.136.125
1322,Fayina,Flounders,fflounders8x@indiegogo.com,Female,81.67.108.93
1323,Hamel,Ulster,hulster8y@free.fr,Male,210.6.103.141
1324,Isobel,Antognazzi,iantognazzi8z@arizona.edu,Female,135.104.56.16
1325,Mona,Triggs,mtriggs90@japanpost.jp,Female,167.164.162.249
1326,Laureen,Lineham,llineham91@ed.gov,Female,12.130.212.9
1327,Lee,MacScherie,lmacscherie92@hp.com,Male,145.202.177.98
1328,Sherlock,Inkle,sinkle93@state.gov,Male,46.125.100.237
1329,Torie,Imesson,timesson94@about.com,Female,69.150.135.197
1330,Hallie,Pibworth,hpibworth95@washington.edu,Female,207.122.188.127
1331,Eugenius,Callicott,ecallicott96@surveymonkey.com,Male,29.49.231.161
1332,Uriel,Orriss,uorriss97@cocolog-nifty.com,Male,234.218.103.86
1333,Karine,Marcome,kmarcome98@europa.eu,Non-binary,13.1.180.18
1334,Constancy,Adcocks,cadcocks99@alexa.com,Female,111.218.162.81
1335,Adore,Greenside,agreenside9a@archive.org,Female,72.67.9.45
1336,Merola,Handyside,mhandyside9b@cafepress.com,Genderfluid,132.231.205.20
1337,Cristi,Mallam,cmallam9c@smugmug.com,Female,56.55.210.79
1338,Shaine,Johanssen,sjohanssen9d@eventbrite.com,Male,114.105.120.132
1339,Desiri,Culpen,dculpen9e@gravatar.com,Female,10.147.74.128
1340,Durant,Marvelley,dmarvelley9f@amazonaws.com,Male,208.188.197.56
1341,Udall,Morecomb,umorecomb9g@nasa.gov,Male,70.232.69.171
1342,Meaghan,Spelsbury,mspelsbury9h@yahoo.com,Female,218.144.90.203
1343,Cathleen,Wolters,cwolters9i@theguardian.com,Female,93.49.164.177
1344,Elyssa,Mabbutt,emabbutt9j@usnews.com,Female,107.100.70.233
1345,Liana,Casellas,lcasellas9k@vistaprint.com,Female,184.121.21.112
1346,Hewe,Guerry,hguerry9l@eventbrite.com,Male,74.51.93.229
1347,Oralle,Nutbeem,onutbeem9m@cpanel.net,Female,206.28.119.200
1348,Clementina,Aizkovitch,caizkovitch9n@facebook.com,Female,48.123.83.13
1349,Kimmy,Fawckner,kfawckner9o@goo.ne.jp,Female,122.245.37.137
1350,Allyson,Olsson,aolsson9p@edublogs.org,Female,231.184.73.255
1351,Boote,Badger,bbadger9q@pbs.org,Male,136.118.116.204
1352,Andrus,Broadberry,abroadberry9r@whitehouse.gov,Male,6.223.37.46
1353,Euell,Crottagh,ecrottagh9s@pcworld.com,Male,105.133.111.134
1354,Nessie,Kinghorne,nkinghorne9t@archive.org,Female,127.75.216.26
1355,Zonda,Essex,zessex9u@exblog.jp,Female,43.189.108.173
1356,Robert,Beck,rbeck9v@dedecms.com,Male,223.81.15.203
1357,Norbert,Axton,naxton9w@google.cn,Male,168.112.44.228
1358,Catharine,Kensington,ckensington9x@wsj.com,Female,192.65.73.124
1359,Ronda,Blakeman,rblakeman9y@shutterfly.com,Female,77.11.27.90
1360,Darn,Ouchterlony,douchterlony9z@nydailynews.com,Agender,167.250.135.138
1361,Codee,Blofield,cblofielda0@unblog.fr,Female,133.28.153.89
1362,Rhianna,Sein,rseina1@topsy.com,Female,126.61.102.9
1363,Sile,Balbeck,sbalbecka2@epa.gov,Female,100.50.22.250
1364,Ora,Duggen,oduggena3@w3.org,Polygender,172.26.244.94
1365,Joleen,Elverstone,jelverstonea4@vkontakte.ru,Bigender,88.162.181.84
1366,Lorraine,Stretton,lstrettona5@go.com,Bigender,124.93.34.216
1367,Natividad,Ashingden,nashingdena6@wordpress.org,Genderfluid,248.97.199.113
1368,Lincoln,Skeggs,lskeggsa7@opensource.org,Male,55.223.3.15
1369,Sampson,Iddy,siddya8@guardian.co.uk,Male,165.53.31.3
1370,Kalina,Jeandeau,kjeandeaua9@discuz.net,Female,177.232.234.11
1371,Hagen,Mabbutt,hmabbuttaa@github.io,Male,28.79.58.198
1372,Wendel,Dwane,wdwaneab@t.co,Male,218.142.198.235
1373,Cobbie,Sanzio,csanzioac@upenn.edu,Male,38.250.121.88
1374,Nicol,Huskisson,nhuskissonad@economist.com,Female,46.82.72.102
1375,Henka,Grassett,hgrassettae@zdnet.com,Female,189.124.110.30
1376,Chloe,Robb,crobbaf@arstechnica.com,Female,57.167.8.35
1377,Layton,Musker,lmuskerag@youku.com,Male,20.188.111.126
1378,Axe,Blanden,ablandenah@shinystat.com,Male,81.241.86.128
1379,Horst,Hamnett,hhamnettai@virginia.edu,Bigender,235.97.203.127
1380,Cami,Wigley,cwigleyaj@macromedia.com,Female,126.30.146.147
1381,Alasdair,Safe,asafeak@scientificamerican.com,Male,99.174.1.158
1382,Brynn,Foster,bfosteral@marriott.com,Female,107.76.215.170
1383,Tremaine,Yegorovnin,tyegorovninam@seattletimes.com,Male,112.207.1.35
1384,Prudi,Bearsmore,pbearsmorean@purevolume.com,Female,48.148.151.94
1385,Clarissa,Viccars,cviccarsao@list-manage.com,Female,248.66.241.142
1386,Jorge,Kunes,jkunesap@un.org,Male,213.160.65.217
1387,Ilario,Poacher,ipoacheraq@blogger.com,Male,100.125.84.116
1388,Onfroi,Biswell,obiswellar@addthis.com,Non-binary,186.190.244.245
1389,Griffy,Bignell,gbignellas@ucsd.edu,Male,15.81.203.98
1390,Thorndike,Danigel,tdanigelat@twitter.com,Male,34.198.80.246
1391,Aleda,Amsberger,aamsbergerau@yellowbook.com,Female,230.82.246.231
1392,Tiphany,Don,tdonav@example.com,Female,1.117.140.106
1393,Filippa,Mounce,fmounceaw@networkadvertising.org,Female,57.164.130.87
1394,Russell,Hembrow,rhembrowax@wired.com,Male,57.130.12.162
1395,Ofelia,Trehearne,otrehearneay@yale.edu,Female,49.124.92.86
1396,Marlie,Bilofsky,mbilofskyaz@businessweek.com,Female,215.254.104.42
1397,Lynsey,Ruseworth,lruseworthb0@google.co.jp,Female,101.44.114.78
1398,Cob,Orrock,corrockb1@samsung.com,Male,254.17.85.119
1399,Ivar,Catanheira,icatanheirab2@webmd.com,Male,235.203.250.126
1400,Dagny,Feasey,dfeaseyb3@taobao.com,Male,11.126.235.106
1401,Markos,Andreini,mandreinib4@hubpages.com,Male,152.195.24.252
1402,Giana,Dullingham,gdullinghamb5@dmoz.org,Female,110.244.104.66
1403,Connor,Sandeford,csandefordb6@hao123.com,Male,173.139.210.249
1404,Kylen,Coney,kconeyb7@creativecommons.org,Female,70.246.75.87
1405,Staford,Cullington,scullingtonb8@shareasale.com,Male,228.24.156.186
1406,Jesselyn,Prestige,jprestigeb9@miibeian.gov.cn,Female,49.17.151.232
1407,Charil,MacMenemy,cmacmenemyba@bloomberg.com,Female,160.112.174.66
1408,Torin,Forder,tforderbb@seesaa.net,Male,225.91.233.176
1409,Stormie,Ceaplen,sceaplenbc@usda.gov,Female,217.98.141.63
1410,Marley,Durrad,mdurradbd@bravesites.com,Female,146.40.166.106
1411,Valentine,Voyce,vvoycebe@is.gd,Male,43.54.69.151
1412,Dory,Woolhouse,dwoolhousebf@sun.com,Genderqueer,136.33.82.82
1413,Colman,Batteson,cbattesonbg@joomla.org,Male,39.148.229.155
1414,Amii,Chevolleau,achevolleaubh@flavors.me,Female,155.108.84.237
1415,Karna,Twelve,ktwelvebi@dropbox.com,Female,232.62.2.94
1416,Tadio,Roth,trothbj@wufoo.com,Male,18.91.41.141
1417,Willey,Arno,warnobk@who.int,Male,1.197.98.252
1418,Alice,Murr,amurrbl@opensource.org,Female,215.154.149.244
1419,Jan,Raith,jraithbm@ucoz.ru,Female,189.23.47.234
1420,Linea,Bertouloume,lbertouloumebn@dot.gov,Female,42.59.47.216
1421,Conny,Lyman,clymanbo@plala.or.jp,Female,59.253.213.37
1422,Riannon,Stenett,rstenettbp@elegantthemes.com,Female,122.237.50.17
1423,Ivette,Redfield,iredfieldbq@prweb.com,Female,130.208.81.30
1424,Hube,Dymoke,hdymokebr@barnesandnoble.com,Male,247.237.205.160
1425,Saudra,Dewdney,sdewdneybs@imageshack.us,Female,94.233.120.137
1426,Dore,Vanyukhin,dvanyukhinbt@va.gov,Male,182.43.129.16
1427,Torey,Cross,tcrossbu@myspace.com,Female,171.188.43.4
1428,Logan,Jillard,ljillardbv@unblog.fr,Male,86.243.53.66
1429,Madeleine,Reason,mreasonbw@freewebs.com,Female,233.182.53.175
1430,Fenelia,Bonder,fbonderbx@fema.gov,Agender,145.121.196.130
1431,Corliss,Worden,cwordenby@lulu.com,Female,153.221.9.116
1432,Eloisa,Wainman,ewainmanbz@t-online.de,Female,183.131.212.14
1433,Cam,Gaffon,cgaffonc0@state.tx.us,Male,131.167.17.33
1434,Garwin,Symondson,gsymondsonc1@blogger.com,Male,26.146.116.91
1435,Jake,Berka,jberkac2@squidoo.com,Male,143.154.195.42
1436,Robinetta,Ballam,rballamc3@imageshack.us,Female,38.218.50.16
1437,Charo,Oxbrow,coxbrowc4@clickbank.net,Female,119.179.145.191
1438,Jazmin,Stroban,jstrobanc5@networksolutions.com,Female,86.203.91.187
1439,Brit,Keyme,bkeymec6@1688.com,Female,163.213.90.178
1440,Deeanne,Nickolls,dnickollsc7@dell.com,Female,154.14.63.120
1441,Wiatt,De Luna,wdelunac8@icio.us,Male,41.162.147.123
1442,Tedman,Ingliby,tinglibyc9@patch.com,Male,237.14.206.1
1443,Lydon,Lackner,llacknerca@macromedia.com,Male,66.189.167.108
1444,Nancee,Bloyes,nbloyescb@arstechnica.com,Female,161.35.184.104
1445,Eden,Blackford,eblackfordcc@macromedia.com,Female,53.163.250.117
1446,Lou,Dollen,ldollencd@xrea.com,Male,48.254.26.104
1447,Lani,Howett,lhowettce@ihg.com,Bigender,199.110.139.103
1448,Broderic,Madelin,bmadelincf@eepurl.com,Bigender,65.31.110.231
1449,Marlyn,Westgarth,mwestgarthcg@spotify.com,Female,108.242.97.22
1450,Benedikta,Aizikov,baizikovch@forbes.com,Female,76.105.171.130
1451,Chandal,Fonso,cfonsoci@i2i.jp,Female,205.199.148.162
1452,Isis,Willey,iwilleycj@about.me,Female,222.55.136.109
1453,Horatius,Trowill,htrowillck@merriam-webster.com,Male,157.163.221.27
1454,Sarena,Prujean,sprujeancl@acquirethisname.com,Female,92.173.232.222
1455,Flinn,Scollan,fscollancm@cam.ac.uk,Male,238.1.48.14
1456,Vanya,Jandak,vjandakcn@gmpg.org,Non-binary,102.70.54.80
1457,Avictor,Angelini,aangelinico@imageshack.us,Male,155.173.9.50
1458,Jeri,Bang,jbangcp@timesonline.co.uk,Female,76.79.10.221
1459,Germaine,Wrought,gwroughtcq@themeforest.net,Female,20.27.85.213
1460,Zelda,Lympany,zlympanycr@usda.gov,Female,61.176.144.225
1461,Consuelo,Hugueville,chuguevillecs@army.mil,Female,248.215.78.207
1462,Giustina,Bransden,gbransdenct@opensource.org,Female,248.239.185.57
1463,Veronica,Eckly,vecklycu@4shared.com,Female,124.221.114.0
1464,Aretha,Rand,arandcv@go.com,Female,121.174.217.235
1465,Jeremiah,Smetoun,jsmetouncw@slate.com,Male,8.120.224.41
1466,Ezequiel,Despenser,edespensercx@nifty.com,Male,220.185.180.75
1467,Tana,Lidgertwood,tlidgertwoodcy@shareasale.com,Female,147.64.173.187
1468,Windy,Nanni,wnannicz@boston.com,Polygender,166.170.230.172
1469,Madella,Jehan,mjehand0@toplist.cz,Female,55.178.36.229
1470,Tarrah,Moscon,tmoscond1@hhs.gov,Female,1.185.75.169
1471,Waneta,Garry,wgarryd2@ehow.com,Genderfluid,24.187.172.131
1472,Arel,Le Borgne,aleborgned3@ocn.ne.jp,Male,147.77.13.89
1473,Pavel,Biggs,pbiggsd4@wordpress.org,Male,145.223.97.168
1474,Alfi,Neild,aneildd5@tmall.com,Female,85.215.20.107
1475,Jacquelynn,Finlry,jfinlryd6@meetup.com,Female,30.176.4.215
1476,Gaspar,Celez,gcelezd7@dedecms.com,Male,85.144.149.77
1477,Juliane,Kleewein,jkleeweind8@cafepress.com,Female,204.42.159.4
1478,Darlleen,Bogey,dbogeyd9@shinystat.com,Female,195.86.83.148
1479,Rikki,Hansana,rhansanada@paypal.com,Female,202.140.115.135
1480,Tally,Norwich,tnorwichdb@rediff.com,Female,93.106.52.11
1481,Donny,Manneville,dmannevilledc@last.fm,Male,225.241.25.50
1482,Vladimir,Robichon,vrobichondd@google.ca,Male,84.185.15.244
1483,Murry,McGilroy,mmcgilroyde@pagesperso-orange.fr,Male,161.75.175.241
1484,Corby,Capper,ccapperdf@miitbeian.gov.cn,Polygender,51.232.37.81
1485,Thelma,Abbot,tabbotdg@yahoo.co.jp,Female,55.100.251.132
1486,Lynde,Vassel,lvasseldh@desdev.cn,Female,52.7.143.189
1487,Jackson,Saich,jsaichdi@ustream.tv,Male,19.106.187.188
1488,Avis,Martynov,amartynovdj@marketwatch.com,Female,204.15.246.165
1489,Penelope,Legge,pleggedk@cnn.com,Female,229.118.168.231
1490,Janos,Dicke,jdickedl@hostgator.com,Agender,150.73.208.75
1491,Ennis,Legh,eleghdm@tinyurl.com,Male,212.202.157.167
1492,Creighton,Kinny,ckinnydn@hud.gov,Male,29.104.91.41
1493,Carline,Woodus,cwoodusdo@people.com.cn,Genderqueer,30.174.177.52
1494,Ambur,Montfort,amontfortdp@apache.org,Female,33.155.36.63
1495,Merrie,Goodere,mgooderedq@squarespace.com,Female,206.108.84.186
1496,See,Tesseyman,stesseymandr@sourceforge.net,Agender,27.37.46.93
1497,Alberta,Snell,asnellds@latimes.com,Genderqueer,187.61.52.23
1498,Berkly,Aslie,basliedt@quantcast.com,Male,216.244.25.171
1499,Tamera,Dack,tdackdu@washington.edu,Female,23.82.47.231
1500,Cinnamon,Anniwell,canniwelldv@goo.ne.jp,Bigender,8.83.183.168
1501,Elliot,Whitehorne,ewhitehornedw@webnode.com,Male,199.26.212.43
1502,Ben,Kain,bkaindx@wikispaces.com,Bigender,228.89.207.237
1503,Melanie,Ickovitz,mickovitzdy@ameblo.jp,Female,139.64.152.204
1504,Wendall,Woolvin,wwoolvindz@pcworld.com,Male,235.199.151.6
1505,Birk,Fetherstone,bfetherstonee0@globo.com,Male,7.152.117.244
1506,Inger,Cattermull,icattermulle1@tinyurl.com,Male,126.47.157.238
1507,Lorain,Roydon,lroydone2@eventbrite.com,Female,142.48.50.170
1508,Pauletta,Swannie,pswanniee3@theglobeandmail.com,Female,94.79.16.92
1509,Pavla,Halson,phalsone4@netvibes.com,Female,114.126.186.13
1510,Avictor,Shankster,ashankstere5@jiathis.com,Male,14.31.155.59
1511,Ware,Lafont,wlafonte6@behance.net,Genderqueer,9.179.148.65
1512,Tobye,Sunnex,tsunnexe7@addtoany.com,Female,53.167.158.206
1513,Celine,Weinmann,cweinmanne8@stanford.edu,Female,235.167.110.108
1514,Alf,Hirthe,ahirthee9@dailymail.co.uk,Male,131.80.2.27
1515,Cherida,Swann,cswannea@si.edu,Female,222.62.237.101
1516,Chryste,McCroary,cmccroaryeb@soup.io,Female,132.199.125.26
1517,Kipp,Nancarrow,knancarrowec@cpanel.net,Male,37.131.241.2
1518,Rodrick,Peskin,rpeskined@pagesperso-orange.fr,Agender,130.106.208.143
1519,Gustavus,Raffels,graffelsee@last.fm,Male,183.252.18.54
1520,Inness,Everley,ieverleyef@hc360.com,Male,245.122.230.219
1521,Pansie,Goldsmith,pgoldsmitheg@yandex.ru,Female,57.201.25.221
1522,Danell,Husthwaite,dhusthwaiteeh@mtv.com,Female,73.166.206.2
1523,Barn,Scarff,bscarffei@cbc.ca,Male,7.9.36.229
1524,Shayne,Whyteman,swhytemanej@bluehost.com,Male,119.140.95.140
1525,Rustie,Shankle,rshankleek@psu.edu,Male,142.82.153.243
1526,Celestina,Kort,ckortel@photobucket.com,Female,114.54.127.226
1527,Christine,Pennigar,cpennigarem@ask.com,Female,253.100.25.247
1528,Caresse,Scotter,cscotteren@fc2.com,Female,51.62.95.204
1529,Janenna,Apedaile,japedaileeo@360.cn,Female,244.74.115.47
1530,Davy,Scanlon,dscanlonep@homestead.com,Male,127.128.37.208
1531,Lamont,Wendover,lwendovereq@canalblog.com,Male,40.138.165.43
1532,Rina,Jeannot,rjeannoter@spiegel.de,Bigender,183.22.15.190
1533,Erskine,Middlehurst,emiddlehurstes@taobao.com,Male,65.236.53.160
1534,Priscilla,Scrauniage,pscrauniageet@patch.com,Female,158.48.228.111
1535,Susannah,Downgate,sdowngateeu@upenn.edu,Female,26.58.74.52
1536,Aggy,Kausche,akauscheev@google.com.hk,Female,59.150.195.10
1537,Denis,Picker,dpickerew@rambler.ru,Male,174.40.117.101
1538,Shir,Sisnett,ssisnettex@dot.gov,Female,41.199.131.250
1539,Morly,Buist,mbuistey@google.com.hk,Male,246.143.140.57
1540,Luci,Cornell,lcornellez@usgs.gov,Female,163.166.119.199
1541,Chicky,Kahler,ckahlerf0@cdc.gov,Female,108.51.19.115
1542,Adriaens,Petrollo,apetrollof1@stumbleupon.com,Female,184.64.199.223
1543,Lisbeth,Twitching,ltwitchingf2@wp.com,Female,116.68.25.96
1544,Luis,Curling,lcurlingf3@freewebs.com,Male,87.199.230.14
1545,Cora,Fishpond,cfishpondf4@arizona.edu,Female,103.246.248.224
1546,Kristen,Cubuzzi,kcubuzzif5@about.com,Female,35.141.71.63
1547,Quintin,Sydall,qsydallf6@is.gd,Male,5.115.49.80
1548,Sapphire,Winscomb,swinscombf7@reference.com,Female,38.39.184.8
1549,Wallie,Filippo,wfilippof8@reverbnation.com,Female,177.255.143.27
1550,Roderick,Vannuchi,rvannuchif9@jalbum.net,Male,20.93.210.33
1551,Francois,Gillivrie,fgillivriefa@blogspot.com,Male,248.148.195.41
1552,Murry,Vertigan,mvertiganfb@slate.com,Male,127.178.87.252
1553,Darsey,Ormshaw,dormshawfc@cargocollective.com,Female,167.143.9.234
1554,Bee,Nuth,bnuthfd@yellowbook.com,Female,123.217.214.120
1555,Kaylee,Tuddall,ktuddallfe@netscape.com,Female,94.115.48.61
1556,Adrian,Bointon,abointonff@yale.edu,Male,203.116.89.32
1557,Mildrid,Eckert,meckertfg@disqus.com,Polygender,140.120.161.32
1558,Tamqrah,Gabitis,tgabitisfh@google.com.au,Female,45.209.75.225
1559,Moritz,Merwede,mmerwedefi@admin.ch,Male,20.83.151.42
1560,Leonerd,Wohler,lwohlerfj@amazon.de,Male,238.16.0.213
1561,Kristin,Averill,kaverillfk@chronoengine.com,Female,18.189.122.223
1562,Tabor,Addionizio,taddioniziofl@goo.ne.jp,Male,252.204.235.245
1563,Cristie,Fieldsend,cfieldsendfm@gravatar.com,Female,224.68.234.27
1564,Reggy,Powton,rpowtonfn@so-net.ne.jp,Male,133.199.189.191
1565,Alastair,Order,aorderfo@naver.com,Male,101.50.10.24
1566,Cariotta,Bum,cbumfp@disqus.com,Female,137.172.147.32
1567,Abdel,Vasyutkin,avasyutkinfq@craigslist.org,Male,153.12.133.90
1568,Gabriella,Melrose,gmelrosefr@vkontakte.ru,Female,249.28.220.237
1569,Yehudit,Crocetto,ycrocettofs@aboutads.info,Male,55.134.40.41
1570,Joachim,Ewdale,jewdaleft@addthis.com,Male,125.118.162.160
1571,Ashlie,Beaves,abeavesfu@marriott.com,Female,204.142.3.171
1572,Joceline,Greve,jgrevefv@cisco.com,Female,37.136.186.97
1573,Raphaela,Metson,rmetsonfw@microsoft.com,Female,43.58.255.199
1574,Pepi,Tolcharde,ptolchardefx@github.io,Female,189.216.80.40
1575,Harriette,Langrish,hlangrishfy@senate.gov,Female,121.127.11.61
1576,Maria,Neiland,mneilandfz@plala.or.jp,Female,66.243.103.67
1577,Lila,Grosvener,lgrosvenerg0@opera.com,Female,159.59.62.249
1578,Markos,Knappett,mknappettg1@wsj.com,Male,4.254.54.204
1579,Nan,Thursby,nthursbyg2@ebay.co.uk,Female,184.139.200.128
1580,Shina,McGoogan,smcgoogang3@harvard.edu,Female,17.209.165.30
1581,Rogers,Boothe,rbootheg4@ucoz.com,Male,5.202.192.204
1582,Ynez,Kempston,ykempstong5@furl.net,Female,99.215.181.81
1583,Franciskus,Paulitschke,fpaulitschkeg6@hud.gov,Male,104.142.120.25
1584,Ricard,Smolan,rsmolang7@gov.uk,Male,213.62.108.26
1585,Bary,Smy,bsmyg8@ihg.com,Male,23.48.250.150
1586,Archibold,Odcroft,aodcroftg9@exblog.jp,Male,158.77.252.252
1587,Fletch,Munroe,fmunroega@hud.gov,Male,11.32.156.238
1588,Forrester,Aguilar,faguilargb@biglobe.ne.jp,Male,98.25.43.231
1589,Beverlie,Blaxley,bblaxleygc@tmall.com,Female,127.182.7.5
1590,Templeton,McGillivray,tmcgillivraygd@myspace.com,Male,200.80.24.227
1591,Rustin,Guitton,rguittonge@toplist.cz,Male,68.194.56.210
1592,Nicholas,Massingham,nmassinghamgf@state.gov,Male,8.59.71.63
1593,Bink,Vayro,bvayrogg@topsy.com,Male,67.247.230.5
1594,Gasper,Fitkin,gfitkingh@topsy.com,Male,215.20.28.64
1595,Osbourne,Snadden,osnaddengi@1688.com,Male,97.79.199.9
1596,Peggi,Billows,pbillowsgj@mayoclinic.com,Female,185.46.231.236
1597,Korella,Murkitt,kmurkittgk@thetimes.co.uk,Female,140.186.40.251
1598,Flin,Bourke,fbourkegl@google.it,Male,217.161.241.248
1599,Dwayne,Cuzen,dcuzengm@shareasale.com,Male,4.83.160.32
1600,Hendrick,Courtin,hcourtingn@liveinternet.ru,Male,0.242.76.28
1601,Lorna,Threlkeld,lthrelkeldgo@sbwire.com,Female,208.88.140.205
1602,Paddy,Ivey,piveygp@biglobe.ne.jp,Male,53.123.229.196
1603,Arly,Teale,atealegq@pcworld.com,Female,95.65.168.75
1604,Aubrey,Grigsby,agrigsbygr@myspace.com,Male,35.167.252.202
1605,Gail,Doerling,gdoerlinggs@newyorker.com,Male,135.34.176.66
1606,Way,Antonikov,wantonikovgt@telegraph.co.uk,Male,241.8.98.62
1607,Prescott,Flanders,pflandersgu@kickstarter.com,Male,240.34.60.10
1608,Peggy,Bricket,pbricketgv@usa.gov,Female,236.157.60.107
1609,Austin,Dunphy,adunphygw@wsj.com,Female,246.148.73.37
1610,Goldy,Dencs,gdencsgx@si.edu,Female,149.164.83.96
1611,Randa,Andrus,randrusgy@merriam-webster.com,Female,246.74.162.23
1612,Jedediah,Heijnen,jheijnengz@pagesperso-orange.fr,Male,196.105.144.175
1613,Peter,Dugan,pduganh0@craigslist.org,Male,254.33.68.227
1614,Baily,Gaythor,bgaythorh1@cbsnews.com,Male,148.183.248.80
1615,Brian,Cuseck,bcuseckh2@newyorker.com,Male,92.170.168.193
1616,Toby,Eastby,teastbyh3@digg.com,Female,72.24.232.36
1617,Rustie,Guwer,rguwerh4@163.com,Male,194.72.239.128
1618,Lane,Gentric,lgentrich5@fotki.com,Polygender,154.117.59.20
1619,Myrta,Ebertz,mebertzh6@ebay.com,Female,255.21.87.36
1620,Kenn,Dragon,kdragonh7@opera.com,Genderqueer,135.129.4.166
1621,Marten,Finkle,mfinkleh8@liveinternet.ru,Male,8.143.231.206
1622,Merlina,Dove,mdoveh9@flavors.me,Bigender,11.114.238.43
1623,Fabe,Porritt,fporrittha@woothemes.com,Male,129.36.111.197
1624,Dru,Ellyatt,dellyatthb@list-manage.com,Male,143.126.219.129
1625,Yettie,Yoodall,yyoodallhc@scribd.com,Female,29.59.70.66
1626,Hope,Seint,hseinthd@alibaba.com,Female,209.69.82.131
1627,Cindelyn,Pattrick,cpattrickhe@comsenz.com,Female,181.83.114.79
1628,Eugine,Cyster,ecysterhf@ehow.com,Female,100.118.105.14
1629,Mikol,Ibberson,mibbersonhg@is.gd,Male,1.35.242.134
1630,Analiese,Shreeves,ashreeveshh@yellowpages.com,Female,11.55.132.192
1631,Mason,Bounds,mboundshi@tamu.edu,Male,126.244.86.138
1632,Walden,Attenborough,wattenboroughhj@zimbio.com,Male,63.200.136.63
1633,Eberhard,Commuzzo,ecommuzzohk@house.gov,Male,181.255.48.191
1634,Stanleigh,Callway,scallwayhl@hao123.com,Male,107.147.227.169
1635,Trina,MacGahy,tmacgahyhm@washington.edu,Female,161.102.117.13
1636,Drusi,Van Vuuren,dvanvuurenhn@psu.edu,Female,16.195.109.233
1637,Arnuad,Van de Vlies,avandevliesho@comsenz.com,Male,27.187.215.73
1638,Brennan,Kingaby,bkingabyhp@nifty.com,Male,60.140.205.179
1639,Brenn,Stallworth,bstallworthhq@merriam-webster.com,Female,246.193.124.91
1640,Dieter,Gabrieli,dgabrielihr@salon.com,Male,151.74.113.77
1641,Ives,Cowterd,icowterdhs@51.la,Male,52.227.200.219
1642,Amil,Hallum,ahallumht@yahoo.com,Female,118.255.38.250
1643,Danya,Sneller,dsnellerhu@china.com.cn,Female,171.63.98.231
1644,Maren,Mattea,mmatteahv@technorati.com,Bigender,87.20.164.247
1645,Heall,Michie,hmichiehw@blogs.com,Male,100.184.108.227
1646,Lindi,Vale,lvalehx@upenn.edu,Female,172.255.38.5
1647,Clayborne,Gussie,cgussiehy@bizjournals.com,Male,104.92.35.101
1648,Prent,Michurin,pmichurinhz@businessinsider.com,Genderqueer,168.90.180.84
1649,Becca,McKinney,bmckinneyi0@vkontakte.ru,Female,154.99.101.52
1650,Joachim,Piller,jpilleri1@163.com,Male,179.74.228.130
1651,Pail,Gorvin,pgorvini2@addtoany.com,Male,182.88.214.31
1652,Willabella,Pagett,wpagetti3@ameblo.jp,Non-binary,203.141.51.234
1653,Blondie,Di Iorio,bdiiorioi4@wired.com,Female,121.160.134.184
1654,Ned,Hanbridge,nhanbridgei5@irs.gov,Male,202.26.2.255
1655,Bernete,MacRonald,bmacronaldi6@earthlink.net,Non-binary,184.0.124.6
1656,Wilden,Gwilliams,wgwilliamsi7@biblegateway.com,Male,245.90.97.138
1657,Verne,Holtaway,vholtawayi8@pbs.org,Male,189.176.166.15
1658,Rosemary,Rushman,rrushmani9@loc.gov,Female,233.100.89.214
1659,Dmitri,Bowen,dbowenia@digg.com,Agender,26.166.85.160
1660,Edin,Giraudoux,egiraudouxib@fc2.com,Female,106.249.75.42
1661,Bondon,Tunbridge,btunbridgeic@nytimes.com,Male,65.189.85.133
1662,Mahala,Winders,mwindersid@alibaba.com,Female,168.130.61.237
1663,Roberta,Liddell,rliddellie@ibm.com,Female,164.157.147.240
1664,Ynez,Mayger,ymaygerif@linkedin.com,Female,237.202.249.113
1665,Hobard,Eicke,heickeig@imgur.com,Male,252.194.188.58
1666,Justus,Lechmere,jlechmereih@bizjournals.com,Non-binary,39.108.205.150
1667,Cherilynn,McVity,cmcvityii@mayoclinic.com,Female,167.122.104.128
1668,Junina,Mateu,jmateuij@gmpg.org,Female,205.55.225.10
1669,Ara,Guess,aguessik@sbwire.com,Polygender,22.190.216.78
1670,Cole,Gibson,cgibsonil@google.cn,Male,182.42.183.12
1671,Sebastian,Marian,smarianim@squidoo.com,Male,13.255.130.223
1672,Lia,Keveren,lkeverenin@squarespace.com,Agender,58.129.10.46
1673,Damien,Jeromson,djeromsonio@topsy.com,Male,192.179.60.53
1674,Alwyn,Reary,arearyip@instagram.com,Agender,205.94.79.11
1675,Gerrard,Aubri,gaubriiq@opera.com,Male,1.231.226.215
1676,Emelen,Venners,evennersir@shutterfly.com,Male,179.83.4.254
1677,Ashely,Pasby,apasbyis@miibeian.gov.cn,Female,52.10.157.199
1678,Don,Margaritelli,dmargaritelliit@fotki.com,Male,229.181.173.0
1679,Candra,Lory,cloryiu@ustream.tv,Female,74.183.60.203
1680,Nada,Kelloway,nkellowayiv@topsy.com,Female,172.59.53.42
1681,Jenelle,Diperaus,jdiperausiw@marriott.com,Female,148.92.200.50
1682,Concettina,Raund,craundix@typepad.com,Female,63.207.192.164
1683,Mikey,Dransfield,mdransfieldiy@cbc.ca,Polygender,131.99.39.204
1684,Lisa,Greenly,lgreenlyiz@wisc.edu,Genderfluid,241.9.236.240
1685,Teddie,O'Suaird,tosuairdj0@com.com,Male,81.251.194.158
1686,Selia,Nolte,snoltej1@edublogs.org,Female,103.77.119.255
1687,Clyve,Baumaier,cbaumaierj2@reddit.com,Agender,78.112.149.159
1688,Marv,Dives,mdivesj3@dyndns.org,Male,241.132.183.146
1689,Corbie,Houtbie,choutbiej4@google.com.hk,Male,216.127.238.225
1690,Evangelina,Sloam,esloamj5@friendfeed.com,Female,40.213.229.132
1691,Cull,Guinery,cguineryj6@geocities.com,Male,173.156.151.30
1692,Allianora,Pistol,apistolj7@ycombinator.com,Female,87.220.18.5
1693,Bonni,Cramond,bcramondj8@typepad.com,Female,22.160.52.242
1694,Sherri,Kment,skmentj9@ihg.com,Female,182.0.207.242
1695,Sheppard,Solleme,ssollemeja@godaddy.com,Male,141.27.58.91
1696,Heriberto,Kernes,hkernesjb@ed.gov,Male,102.186.10.116
1697,Mattheus,Crichton,mcrichtonjc@webmd.com,Male,46.170.50.101
1698,Bonni,Chamberlen,bchamberlenjd@wikispaces.com,Female,202.171.236.225
1699,Slade,Martinetto,smartinettoje@photobucket.com,Non-binary,176.191.191.57
1700,Stillmann,Triggol,striggoljf@guardian.co.uk,Male,245.159.7.152
1701,Cairistiona,Eagleton,ceagletonjg@hao123.com,Female,142.171.86.51
1702,Hyacinthe,Sagg,hsaggjh@dailymotion.com,Female,33.25.227.166
1703,Tanhya,Fader,tfaderji@sohu.com,Female,86.64.252.150
1704,Gerrilee,Honnan,ghonnanjj@cnbc.com,Female,6.153.67.13
1705,Toiboid,Enden,tendenjk@instagram.com,Male,224.124.53.245
1706,Guthrey,Stower,gstowerjl@pagesperso-orange.fr,Male,96.31.178.103
1707,Meghann,Libbe,mlibbejm@google.co.uk,Female,211.199.151.153
1708,Lea,Farrall,lfarralljn@dell.com,Female,235.56.17.43
1709,Sal,Udall,sudalljo@home.pl,Male,136.192.50.219
1710,Randell,Naseby,rnasebyjp@i2i.jp,Male,107.109.222.175
1711,Ashly,Hacquoil,ahacquoiljq@sbwire.com,Female,234.122.25.251
1712,Edik,Wellings,ewellingsjr@cyberchimps.com,Male,151.79.36.212
1713,Tabitha,Keizman,tkeizmanjs@slate.com,Female,73.57.183.131
1714,Antoni,Odde,aoddejt@bbc.co.uk,Male,46.63.81.161
1715,Tull,Ling,tlingju@google.com,Male,111.60.101.247
1716,Barnett,Liver,bliverjv@surveymonkey.com,Male,27.33.9.118
1717,Wendi,Felix,wfelixjw@discuz.net,Female,243.131.31.16
1718,Alley,Perview,aperviewjx@bizjournals.com,Male,182.160.3.166
1719,Sallyanne,Gaule,sgaulejy@deviantart.com,Female,181.58.4.173
1720,Maria,Sawnwy,msawnwyjz@jalbum.net,Female,13.83.156.62
1721,Druci,Klaves,dklavesk0@ning.com,Female,39.45.117.56
1722,Katheryn,Boanas,kboanask1@github.io,Female,15.191.217.146
1723,Windy,McIlhone,wmcilhonek2@rediff.com,Female,64.32.100.30
1724,Marnie,McIlwraith,mmcilwraithk3@163.com,Female,165.254.235.206
1725,Oliver,Recher,orecherk4@wikia.com,Male,194.141.244.118
1726,Ami,Dix,adixk5@vistaprint.com,Genderfluid,35.184.159.215
1727,Gaye,Aldous,galdousk6@topsy.com,Female,247.208.120.228
1728,Florri,Garnul,fgarnulk7@time.com,Female,226.224.153.16
1729,Mischa,Philipp,mphilippk8@free.fr,Male,108.169.248.19
1730,Geraldine,Hebbron,ghebbronk9@spiegel.de,Female,139.129.180.116
1731,Selma,Hallows,shallowska@oracle.com,Female,147.181.148.198
1732,Logan,Steckings,lsteckingskb@un.org,Male,207.118.107.30
1733,Liuka,Ottley,lottleykc@samsung.com,Female,131.177.71.6
1734,Judah,Nettles,jnettleskd@netlog.com,Male,75.115.251.31
1735,Durant,Plumbridge,dplumbridgeke@microsoft.com,Male,158.13.33.75
1736,Pieter,Ellerington,pelleringtonkf@ucsd.edu,Male,112.187.240.166
1737,Jeddy,Chishull,jchishullkg@whitehouse.gov,Male,173.102.0.231
1738,Amanda,Itzakovitz,aitzakovitzkh@dagondesign.com,Female,235.153.109.192
1739,Ginger,Fold,gfoldki@issuu.com,Female,215.56.187.249
1740,Andrus,Teodorski,ateodorskikj@home.pl,Male,24.208.34.179
1741,Tera,Balch,tbalchkk@google.ru,Female,198.47.129.101
1742,Mickey,enzley,menzleykl@wisc.edu,Male,235.177.5.223
1743,Kiley,Boater,kboaterkm@tripod.com,Male,186.82.135.83
1744,Audrey,Simyson,asimysonkn@github.io,Female,250.154.170.11
1745,Mirelle,Keme,mkemeko@eventbrite.com,Female,65.160.187.105
1746,Renell,Symones,rsymoneskp@github.com,Female,185.201.25.147
1747,Stevie,Bagnold,sbagnoldkq@epa.gov,Male,99.249.126.166
1748,Natty,Peasnone,npeasnonekr@ycombinator.com,Male,32.89.179.237
1749,Arney,Creech,acreechks@w3.org,Male,242.105.83.173
1750,Lacie,Stackbridge,lstackbridgekt@123-reg.co.uk,Female,198.77.103.226
1751,Gabbie,Essel,gesselku@issuu.com,Male,140.134.251.34
1752,Fae,Iacobassi,fiacobassikv@yolasite.com,Female,132.33.63.76
1753,Linn,Strang,lstrangkw@zdnet.com,Male,231.8.253.173
1754,Sula,Mulliss,smullisskx@umn.edu,Female,71.15.175.76
1755,Zelma,Ralphs,zralphsky@hhs.gov,Female,212.72.115.74
1756,Kerby,Becraft,kbecraftkz@shutterfly.com,Male,165.117.105.201
1757,Gene,Mumbey,gmumbeyl0@gov.uk,Male,8.209.56.197
1758,Yves,Alexander,yalexanderl1@home.pl,Bigender,118.119.224.215
1759,Ulises,Kampshell,ukampshelll2@hatena.ne.jp,Male,75.10.141.219
1760,Susanetta,Spini,sspinil3@bandcamp.com,Female,98.193.180.252
1761,Steven,Boxall,sboxalll4@chron.com,Genderfluid,201.191.117.73
1762,Anstice,Reede,areedel5@barnesandnoble.com,Genderfluid,108.251.110.237
1763,Babbette,Ciccone,bcicconel6@multiply.com,Female,211.214.165.131
1764,Waldo,Wapol,wwapoll7@sciencedirect.com,Male,60.250.106.217
1765,Lena,Dearsley,ldearsleyl8@blogspot.com,Female,199.117.100.125
1766,Cullen,Dobell,cdobelll9@alibaba.com,Male,25.167.64.152
1767,Hatty,Stoute,hstoutela@businessweek.com,Agender,129.171.193.255
1768,Francklin,Archbould,farchbouldlb@latimes.com,Male,155.214.209.153
1769,Andonis,Sallery,asallerylc@123-reg.co.uk,Male,107.74.110.255
1770,Kary,Eddicott,keddicottld@ifeng.com,Female,234.2.191.65
1771,Kilian,Bridgewater,kbridgewaterle@senate.gov,Male,221.244.170.64
1772,Paton,Bissill,pbissilllf@privacy.gov.au,Male,38.148.34.43
1773,Roddie,Crudginton,rcrudgintonlg@cafepress.com,Male,28.248.200.160
1774,Hetty,Padley,hpadleylh@godaddy.com,Female,28.106.156.165
1775,Zoe,Dohmann,zdohmannli@sourceforge.net,Female,237.83.64.248
1776,Nye,Westmacott,nwestmacottlj@blogspot.com,Male,30.85.40.242
1777,Warden,Heddon,wheddonlk@mit.edu,Male,107.41.126.140
1778,Carlye,Grocott,cgrocottll@creativecommons.org,Female,77.252.115.217
1779,Odille,Meaking,omeakinglm@twitpic.com,Female,132.196.193.69
1780,Reamonn,Merchant,rmerchantln@slideshare.net,Male,31.9.47.64
1781,Gussy,Farnes,gfarneslo@soup.io,Female,216.14.138.214
1782,Cosimo,Giller,cgillerlp@bigcartel.com,Male,164.158.231.167
1783,Kitty,Look,klooklq@artisteer.com,Female,137.212.5.21
1784,Dallis,Tookey,dtookeylr@dion.ne.jp,Male,66.232.106.124
1785,Carlota,Inkpin,cinkpinls@nasa.gov,Female,47.86.161.114
1786,Vernen,Chevolleau,vchevolleault@flickr.com,Male,159.51.105.24
1787,Lora,Margeram,lmargeramlu@unc.edu,Female,182.13.188.153
1788,Leta,Jaksic,ljaksiclv@yolasite.com,Female,31.92.92.214
1789,Willard,Patridge,wpatridgelw@yolasite.com,Male,0.169.83.124
1790,Melisent,Du Fray,mdufraylx@stumbleupon.com,Female,61.0.19.13
1791,Caitlin,Jarred,cjarredly@skyrock.com,Female,237.241.154.108
1792,Terry,Crehan,tcrehanlz@ovh.net,Male,206.176.199.185
1793,Eldin,Abadam,eabadamm0@ted.com,Male,248.247.182.6
1794,Sabina,McAless,smcalessm1@house.gov,Female,18.78.65.178
1795,Paulina,Gallon,pgallonm2@sciencedaily.com,Female,26.138.103.115
1796,Rad,Dancy,rdancym3@twitter.com,Male,27.146.235.112
1797,Allan,Letten,alettenm4@baidu.com,Male,46.115.94.188
1798,Arny,Hulles,ahullesm5@com.com,Male,113.108.223.161
1799,Aimil,Dutnell,adutnellm6@mac.com,Bigender,189.163.31.89
1800,Courtnay,Standidge,cstandidgem7@bandcamp.com,Male,235.82.142.179
1801,Sharia,Humes,shumesm8@so-net.ne.jp,Female,204.208.57.67
1802,Troy,Muscat,tmuscatm9@unicef.org,Male,125.114.187.64
1803,Land,Gibby,lgibbyma@aol.com,Male,186.72.216.44
1804,Edgardo,Grishkov,egrishkovmb@netscape.com,Male,77.21.67.115
1805,Breanne,Byrd,bbyrdmc@chicagotribune.com,Female,70.37.50.145
1806,Tabitha,Heyfield,theyfieldmd@washington.edu,Female,82.177.87.92
1807,Sherri,Streatfeild,sstreatfeildme@yolasite.com,Female,175.146.182.4
1808,Hogan,Lovelace,hlovelacemf@independent.co.uk,Male,168.181.72.153
1809,Si,MacDermid,smacdermidmg@usnews.com,Male,65.10.212.35
1810,Riley,Dinley,rdinleymh@hexun.com,Male,202.58.40.83
1811,Price,Alvy,palvymi@google.pl,Polygender,48.81.207.187
1812,Cordula,Terney,cterneymj@mit.edu,Non-binary,58.26.205.235
1813,Frances,Lawlings,flawlingsmk@sbwire.com,Female,7.253.124.190
1814,Eberhard,Archibald,earchibaldml@paypal.com,Male,106.82.55.64
1815,Delaney,Trimmell,dtrimmellmm@apache.org,Male,3.182.109.153
1816,Danika,Wall,dwallmn@twitter.com,Female,98.172.107.179
1817,Bourke,Aiskovitch,baiskovitchmo@booking.com,Male,61.194.10.44
1818,Obadiah,Harman,oharmanmp@archive.org,Male,226.189.166.25
1819,Rockie,Wadworth,rwadworthmq@symantec.com,Genderqueer,25.65.36.52
1820,Salomi,McAuslene,smcauslenemr@list-manage.com,Female,191.62.199.40
1821,Birdie,Pilipets,bpilipetsms@parallels.com,Female,117.38.4.109
1822,Dorita,Dibb,ddibbmt@sohu.com,Female,159.38.80.157
1823,Susan,Kordovani,skordovanimu@people.com.cn,Female,26.132.205.67
1824,Libbi,Mitkov,lmitkovmv@columbia.edu,Female,103.27.237.15
1825,Shirlene,Sweatman,ssweatmanmw@hostgator.com,Female,37.248.17.24
1826,Vania,Hessay,vhessaymx@sakura.ne.jp,Female,252.250.79.225
1827,Rufus,Tantum,rtantummy@artisteer.com,Male,158.249.252.205
1828,Neely,Francomb,nfrancombmz@illinois.edu,Female,122.159.143.215
1829,Fina,Hinchshaw,fhinchshawn0@symantec.com,Female,97.84.181.150
1830,Merrill,Kimblin,mkimblinn1@mit.edu,Male,240.65.57.225
1831,Radcliffe,Sussans,rsussansn2@mtv.com,Male,24.156.129.76
1832,Moses,Fasse,mfassen3@elegantthemes.com,Male,250.233.233.92
1833,Hubie,Scoggin,hscogginn4@sohu.com,Male,73.198.131.129
1834,Giorgia,Anster,ganstern5@hibu.com,Female,191.182.209.246
1835,Minnie,Jancar,mjancarn6@alibaba.com,Female,236.244.89.100
1836,Joyan,Golagley,jgolagleyn7@ifeng.com,Female,148.102.125.209
1837,Leona,Fearnall,lfearnalln8@myspace.com,Female,168.135.148.235
1838,Fabio,Mount,fmountn9@dyndns.org,Male,37.10.202.32
1839,Sherye,Trevers,streversna@newyorker.com,Female,106.81.21.59
1840,Hally,Smithend,hsmithendnb@tamu.edu,Genderfluid,109.80.164.13
1841,Caril,Clotworthy,cclotworthync@ihg.com,Female,219.90.47.226
1842,Noam,Piperley,npiperleynd@cdbaby.com,Male,98.183.192.255
1843,Belva,Blanpein,bblanpeinne@engadget.com,Female,220.39.255.93
1844,Napoleon,Heffer,nheffernf@delicious.com,Male,138.163.86.140
1845,Odette,Jencey,ojenceyng@opera.com,Female,88.12.244.247
1846,Gerhardt,Ansell,gansellnh@google.es,Male,111.47.229.166
1847,Dorolice,Stegel,dstegelni@acquirethisname.com,Female,114.75.57.44
1848,Kit,Kepling,kkeplingnj@forbes.com,Male,66.218.111.15
1849,Giff,Grisenthwaite,ggrisenthwaitenk@alibaba.com,Male,36.166.63.53
1850,Menard,Warrillow,mwarrillownl@columbia.edu,Polygender,104.29.10.160
1851,Sigismond,Donahue,sdonahuenm@exblog.jp,Bigender,127.109.193.68
1852,Adriano,Chatelot,achatelotnn@yahoo.com,Male,16.151.140.44
1853,Bear,Conquest,bconquestno@imageshack.us,Male,200.186.176.124
1854,Rikki,Belsher,rbelshernp@unesco.org,Agender,210.51.106.244
1855,Fania,Liverock,fliverocknq@huffingtonpost.com,Female,255.16.117.116
1856,Kylila,Bohlens,kbohlensnr@vk.com,Female,142.247.207.151
1857,Jarrod,Anthonsen,janthonsenns@google.es,Male,214.245.228.175
1858,Karna,Mation,kmationnt@cpanel.net,Female,126.144.164.42
1859,Audi,Larn,alarnnu@wiley.com,Female,228.242.106.251
1860,Reeva,Chew,rchewnv@photobucket.com,Female,119.1.208.133
1861,Yolane,Di Giacomo,ydigiacomonw@ucoz.com,Female,113.156.77.210
1862,Alanna,Scarff,ascarffnx@buzzfeed.com,Female,68.98.221.206
1863,Kimmie,Dubarry,kdubarryny@so-net.ne.jp,Female,179.8.97.227
1864,Mariejeanne,Glanders,mglandersnz@zimbio.com,Female,236.212.172.117
1865,Zorah,Yandle,zyandleo0@nifty.com,Female,137.102.62.63
1866,Cassaundra,Belly,cbellyo1@theguardian.com,Female,9.33.126.5
1867,Ingrim,Asbrey,iasbreyo2@un.org,Male,203.6.240.102
1868,Tilda,Budding,tbuddingo3@cbc.ca,Agender,158.82.55.35
1869,Alla,Colleer,acolleero4@europa.eu,Female,190.117.238.150
1870,Homerus,Grattage,hgrattageo5@spotify.com,Male,156.172.227.169
1871,Faunie,Fidelus,ffideluso6@gnu.org,Female,175.252.8.104
1872,Merle,D'Errico,mderricoo7@typepad.com,Genderqueer,225.34.141.154
1873,Micheal,Bodycote,mbodycoteo8@ebay.com,Male,81.158.203.46
1874,Maxie,Pinkerton,mpinkertono9@cocolog-nifty.com,Male,79.5.133.243
1875,Brandice,Genner,bgenneroa@xrea.com,Female,151.177.139.126
1876,Barton,Stokes,bstokesob@army.mil,Male,42.36.51.26
1877,Michel,Shales,mshalesoc@ow.ly,Male,169.205.193.170
1878,Yevette,Malling,ymallingod@yale.edu,Non-binary,18.191.217.205
1879,Gabi,Castellanos,gcastellanosoe@mapy.cz,Female,241.34.22.23
1880,Idalina,Plowell,iplowellof@shutterfly.com,Female,132.109.79.239
1881,Aarika,Ginley,aginleyog@comsenz.com,Female,185.119.166.48
1882,Bayard,Brokenbrow,bbrokenbrowoh@imdb.com,Male,25.43.203.31
1883,Arley,Dingate,adingateoi@gnu.org,Male,116.67.214.192
1884,Buddie,Cowperthwaite,bcowperthwaiteoj@example.com,Male,206.72.172.189
1885,Gwendolin,Keiley,gkeileyok@scribd.com,Female,46.222.188.164
1886,Dyanna,Poker,dpokerol@mapy.cz,Genderqueer,43.154.3.216
1887,Flory,Lazonby,flazonbyom@oaic.gov.au,Male,254.43.42.216
1888,Igor,Samarth,isamarthon@tinypic.com,Male,177.54.227.97
1889,Olympia,Dominichetti,odominichettioo@t-online.de,Female,198.93.72.46
1890,Barn,Mayhou,bmayhouop@senate.gov,Male,135.12.53.39
1891,Wilt,Egre,wegreoq@statcounter.com,Male,198.28.214.184
1892,Asa,Haberfield,ahaberfieldor@weebly.com,Male,124.185.176.160
1893,Lloyd,Cleall,lcleallos@hibu.com,Male,187.78.107.218
1894,Verge,Whittaker,vwhittakerot@blogs.com,Male,200.27.37.157
1895,Brittney,Ludovico,bludovicoou@gizmodo.com,Female,216.149.44.62
1896,Wynne,Bovingdon,wbovingdonov@tumblr.com,Female,201.189.164.236
1897,Ali,Messent,amessentow@xrea.com,Male,12.162.157.171
1898,Dorian,Seide,dseideox@xrea.com,Bigender,151.171.63.234
1899,Court,Tiuit,ctiuitoy@newsvine.com,Agender,110.23.186.27
1900,Marianne,Gissing,mgissingoz@army.mil,Genderfluid,186.247.48.160
1901,Janek,Donnett,jdonnettp0@twitpic.com,Male,78.133.102.194
1902,Tess,Peskin,tpeskinp1@latimes.com,Female,67.252.36.47
1903,Chester,Calven,ccalvenp2@aboutads.info,Male,240.70.163.20
1904,Keary,Mordacai,kmordacaip3@rambler.ru,Male,229.82.166.28
1905,Franciskus,Gilbride,fgilbridep4@chron.com,Male,218.160.175.5
1906,Eleni,Balleine,eballeinep5@nydailynews.com,Female,35.201.201.255
1907,Leda,Leaves,lleavesp6@free.fr,Polygender,95.130.0.65
1908,Jackson,Hallen,jhallenp7@shutterfly.com,Male,187.234.83.37
1909,Estella,Kinnin,ekinninp8@desdev.cn,Female,90.81.42.210
1910,Tomas,Izkovitch,tizkovitchp9@eventbrite.com,Male,159.226.65.103
1911,Carrol,Middlemist,cmiddlemistpa@com.com,Male,83.231.228.93
1912,Revkah,Franca,rfrancapb@seesaa.net,Female,138.33.124.30
1913,Tobye,Birkwood,tbirkwoodpc@shareasale.com,Female,156.203.118.42
1914,Netta,Marxsen,nmarxsenpd@npr.org,Genderqueer,183.231.125.85
1915,Hasheem,Mattioni,hmattionipe@sciencedaily.com,Male,87.114.102.224
1916,Corina,Bayfield,cbayfieldpf@skyrock.com,Female,6.146.198.144
1917,Steffen,Purchase,spurchasepg@google.de,Male,238.1.235.87
1918,Dasi,Mc Carrick,dmccarrickph@japanpost.jp,Non-binary,124.169.138.84
1919,Matelda,Gley,mgleypi@tmall.com,Female,94.127.118.237
1920,Codee,Fessier,cfessierpj@wunderground.com,Female,72.38.90.51
1921,Alyssa,Weatherhogg,aweatherhoggpk@furl.net,Female,39.57.22.198
1922,Orelia,Gowen,ogowenpl@jimdo.com,Female,166.4.66.123
1923,Lenore,Crouse,lcrousepm@slate.com,Female,58.87.80.178
1924,Aggie,Rubie,arubiepn@tuttocitta.it,Female,193.118.57.161
1925,Donia,Pedersen,dpedersenpo@free.fr,Female,101.226.27.68
1926,Locke,Ottosen,lottosenpp@engadget.com,Male,20.84.133.23
1927,Beltran,Tidder,btidderpq@free.fr,Genderqueer,51.42.212.143
1928,Gaylord,Dorbon,gdorbonpr@hhs.gov,Male,144.87.118.167
1929,Tonie,Cottisford,tcottisfordps@businessweek.com,Genderfluid,138.116.245.58
1930,Lynn,Ahren,lahrenpt@behance.net,Female,221.65.191.85
1931,Terri,Cressingham,tcressinghampu@seesaa.net,Male,131.202.4.250
1932,Chrissy,Fulmen,cfulmenpv@bing.com,Male,180.6.121.233
1933,Anny,Kealey,akealeypw@sphinn.com,Female,170.53.54.205
1934,Mei,Wager,mwagerpx@netvibes.com,Female,247.143.27.139
1935,Pat,Hawke,phawkepy@etsy.com,Male,254.189.173.89
1936,Idell,Delamaine,idelamainepz@earthlink.net,Female,102.213.249.251
1937,Kizzee,Didsbury,kdidsburyq0@goo.gl,Female,164.92.97.120
1938,Hal,Dovydenas,hdovydenasq1@amazon.co.uk,Male,179.76.53.137
1939,Kaine,Danieli,kdanieliq2@opera.com,Male,98.111.201.189
1940,Darb,Krolik,dkrolikq3@harvard.edu,Male,36.142.80.117
1941,Salmon,Tibbetts,stibbettsq4@youku.com,Male,175.18.207.125
1942,Thalia,Cossans,tcossansq5@arstechnica.com,Bigender,199.61.89.13
1943,Ophelia,Emblow,oemblowq6@vistaprint.com,Bigender,179.165.45.124
1944,Lesli,Scardifield,lscardifieldq7@unicef.org,Female,174.76.107.103
1945,Luigi,De la Feld,ldelafeldq8@senate.gov,Male,253.87.179.3
1946,Rollin,Shelborne,rshelborneq9@yandex.ru,Male,83.101.41.203
1947,Emmit,Massingham,emassinghamqa@stanford.edu,Male,57.85.38.226
1948,Reinold,O'Looney,rolooneyqb@rakuten.co.jp,Male,55.42.169.21
1949,Frasco,Castellini,fcastelliniqc@whitehouse.gov,Male,54.11.130.228
1950,Ignacius,Couper,icouperqd@nps.gov,Male,200.115.194.173
1951,Gustav,Verrillo,gverrilloqe@meetup.com,Male,96.147.155.77
1952,Pietra,Pointer,ppointerqf@sakura.ne.jp,Female,158.17.11.108
1953,Ruddy,Ladds,rladdsqg@digg.com,Male,83.117.156.43
1954,Corrianne,Eatock,ceatockqh@mapquest.com,Female,33.146.166.235
1955,Terrance,Stollsteimer,tstollsteimerqi@sciencedirect.com,Male,74.26.194.82
1956,Clive,McGuff,cmcguffqj@state.tx.us,Male,166.88.24.53
1957,Gaven,Ramsell,gramsellqk@printfriendly.com,Male,124.173.199.120
1958,Erastus,Rumbelow,erumbelowql@statcounter.com,Male,212.231.253.44
1959,Ringo,Worthy,rworthyqm@bing.com,Male,49.74.233.217
1960,Glenine,Romeuf,gromeufqn@homestead.com,Female,160.232.127.33
1961,Andy,Syseland,asyselandqo@msu.edu,Female,77.36.158.26
1962,Luella,Truin,ltruinqp@craigslist.org,Female,247.198.71.22
1963,Hanni,Cromett,hcromettqq@usatoday.com,Polygender,52.220.159.232
1964,Nicol,Degoix,ndegoixqr@google.co.jp,Polygender,20.52.10.109
1965,Lorin,Antcliffe,lantcliffeqs@wikia.com,Male,98.139.208.17
1966,Donica,Gagen,dgagenqt@reddit.com,Female,136.58.84.238
1967,Donny,Corp,dcorpqu@japanpost.jp,Male,81.198.66.173
1968,Doll,Thomann,dthomannqv@bbc.co.uk,Female,250.143.143.7
1969,Lilas,MacChaell,lmacchaellqw@house.gov,Genderqueer,1.93.237.168
1970,Lauritz,Ferencowicz,lferencowiczqx@shutterfly.com,Male,239.0.41.103
1971,Kevan,Astley,kastleyqy@so-net.ne.jp,Male,231.76.251.113
1972,Perry,Oury,pouryqz@macromedia.com,Female,251.149.115.6
1973,Weber,Delort,wdelortr0@myspace.com,Male,207.55.195.205
1974,Gwenni,Baldock,gbaldockr1@bravesites.com,Non-binary,88.64.249.2
1975,Cecilia,McAsgill,cmcasgillr2@epa.gov,Female,59.193.164.38
1976,Brittni,Petrashov,bpetrashovr3@rakuten.co.jp,Female,154.32.58.202
1977,Angel,Dullingham,adullinghamr4@lulu.com,Female,21.230.50.210
1978,Alexia,Simcox,asimcoxr5@google.de,Female,98.215.137.15
1979,Glennis,Knight,gknightr6@psu.edu,Female,50.154.202.139
1980,Manolo,Lindley,mlindleyr7@bravesites.com,Male,219.214.62.228
1981,Dolorita,Toplis,dtoplisr8@printfriendly.com,Female,123.16.186.82
1982,Adam,Shergill,ashergillr9@blog.com,Male,214.84.228.179
1983,Cristine,Edson,cedsonra@goodreads.com,Female,10.226.77.0
1984,Hendrik,Prine,hprinerb@kickstarter.com,Male,229.195.235.124
1985,Sharl,Gilbanks,sgilbanksrc@bbb.org,Female,124.65.240.140
1986,Kathryn,Skippings,kskippingsrd@cbsnews.com,Female,214.225.152.156
1987,Matthiew,Babcock,mbabcockre@histats.com,Male,108.197.248.240
1988,Lisetta,Burchett,lburchettrf@chicagotribune.com,Female,57.67.57.4
1989,Vick,Poleye,vpoleyerg@who.int,Male,243.180.144.154
1990,Lutero,Bandey,lbandeyrh@merriam-webster.com,Male,68.108.79.221
1991,Bria,Trevethan,btrevethanri@1und1.de,Female,163.222.222.136
1992,Lamond,Puddicombe,lpuddicomberj@over-blog.com,Male,153.197.76.175
1993,Margarita,Town,mtownrk@t-online.de,Female,85.43.46.151
1994,Christean,Pomroy,cpomroyrl@cam.ac.uk,Female,158.71.86.136
1995,Manolo,McLukie,mmclukierm@bbc.co.uk,Male,210.176.124.74
1996,Tedman,Liversley,tliversleyrn@istockphoto.com,Male,146.252.60.126
1997,Carroll,De Clairmont,cdeclairmontro@oaic.gov.au,Male,219.92.121.242
1998,Brien,Arington,baringtonrp@ning.com,Male,187.181.16.177
1999,Cris,Roseborough,croseboroughrq@istockphoto.com,Female,196.52.33.126
2000,Regina,Vanstone,rvanstonerr@mapquest.com,Female,44.203.236.53
