id,first_name,last_name,email,gender,ip_address
1,Dougie,Dieton,ddieton0@mapy.cz,Male,149.14.149.84
2,Ailbert,Harbach,aharbach1@china.com.cn,Male,55.69.86.67
3,Torr,Escot,tescot2@wiley.com,Male,47.41.38.8
4,Darb,Cole,dcole3@arizona.edu,Male,114.11.67.225
5,Drud,Biskupski,dbiskupski4@vkontakte.ru,Male,173.56.237.253
6,Erastus,Gepp,egepp5@ibm.com,Male,224.159.237.190
7,Sabra,Baitey,sbaitey6@netscape.com,Female,92.61.158.85
8,Bethany,Cargen,bcargen7@ucla.edu,Genderfluid,122.7.103.238
9,Noam,Heinonen,nheinonen8@furl.net,Male,185.25.87.139
10,Lynnette,Volage,lvolage9@blogtalkradio.com,Bigender,208.11.155.8
11,Cheri,Antonelli,cantonellia@opensource.org,Female,251.88.32.90
12,Uriel,Redfield,uredfieldb@cpanel.net,Male,150.211.108.240
13,Obie,Manna,omannac@t-online.de,Male,176.184.220.3
14,Earle,Ethelstone,eethelstoned@cocolog-nifty.com,Male,108.116.113.170
15,Brooke,Bridal,bbridale@barnesandnoble.com,Male,131.169.74.172
16,Johnathon,Tregidgo,jtregidgof@ucla.edu,Male,64.191.55.107
17,Anica,Budik,abudikg@cyberchimps.com,Female,93.217.187.80
18,Tedd,Tibbetts,ttibbettsh@wisc.edu,Male,79.90.43.86
19,Benedikta,Pickworth,bpickworthi@noaa.gov,Genderfluid,254.192.106.78
20,Mildred,Lissimore,mlissimorej@surveymonkey.com,Female,116.204.247.168
21,Tammie,Kee,tkeek@t-online.de,Male,13.51.159.1
22,Emyle,Tindall,etindalll@sciencedirect.com,Female,111.32.247.237
23,Brett,Genthner,bgenthnerm@hugedomains.com,Male,99.51.14.9
24,Brynna,Ungerecht,bungerechtn@prnewswire.com,Female,240.43.254.165
25,Nikola,Hamblyn,nhamblyno@gmpg.org,Male,207.165.79.215
26,Bartel,Baud,bbaudp@dot.gov,Polygender,147.49.124.47
27,Harri,Vaudrey,hvaudreyq@hostgator.com,Female,36.29.153.197
28,Robby,Kretchmer,rkretchmerr@yahoo.com,Agender,148.87.20.248
29,Gardie,Hallsworth,ghallsworths@wikispaces.com,Male,253.10.177.0
30,Benoite,Grundell,bgrundellt@taobao.com,Female,101.6.214.174
31,Tristan,Inglefield,tinglefieldu@about.me,Male,85.45.191.170
32,Korrie,Rothert,krothertv@mayoclinic.com,Female,173.59.210.15
33,Alvis,Pittle,apittlew@columbia.edu,Male,69.55.178.184
34,Malcolm,Showalter,mshowalterx@dedecms.com,Male,30.151.152.213
35,Jo,Debling,jdeblingy@webnode.com,Male,193.109.163.109
36,Veradis,Derges,vdergesz@ezinearticles.com,Female,229.114.67.67
37,Torry,Bromby,tbromby10@addtoany.com,Male,80.15.119.165
38,Gabbie,Dietzler,gdietzler11@zimbio.com,Female,39.111.27.22
39,Pacorro,Ulster,pulster12@livejournal.com,Male,113.122.166.59
40,Rolph,Albin,ralbin13@illinois.edu,Genderqueer,85.150.30.121
41,Bendite,Vynehall,bvynehall14@dedecms.com,Female,166.143.24.165
42,Margarethe,Kenright,mkenright15@forbes.com,Female,246.18.193.226
43,Rustie,Wanstall,rwanstall16@wp.com,Male,174.103.74.47
44,Farand,Dorman,fdorman17@webmd.com,Female,23.34.64.234
45,Mufi,Delbergue,mdelbergue18@unc.edu,Female,152.143.187.9
46,Winny,Costy,wcosty19@cyberchimps.com,Female,76.23.152.233
47,Stanley,Edger,sedger1a@vkontakte.ru,Male,60.25.255.60
48,Brena,Salzburger,bsalzburger1b@phoca.cz,Female,12.141.211.241
49,Marchall,Bambra,mbambra1c@chicagotribune.com,Bigender,150.7.105.146
50,Jacobo,Feeham,jfeeham1d@people.com.cn,Male,76.81.27.2
51,Ewan,Cogar,ecogar1e@networksolutions.com,Male,52.244.123.241
52,Claus,Klimke,cklimke1f@un.org,Male,88.245.62.239
53,Birgit,MacKall,bmackall1g@usatoday.com,Female,52.217.253.156
54,Kira,Deans,kdeans1h@reference.com,Female,119.132.110.10
55,Fay,Berrisford,fberrisford1i@aboutads.info,Female,193.165.77.190
56,Hartley,Stanbridge,hstanbridge1j@bigcartel.com,Male,59.184.111.2
57,Travers,Canto,tcanto1k@webs.com,Male,94.60.246.143
58,Tiphany,Fairleigh,tfairleigh1l@is.gd,Female,155.59.177.210
59,Benjamen,Tooby,btooby1m@google.com.br,Male,121.79.11.135
60,Roy,Brozek,rbrozek1n@cornell.edu,Male,242.20.250.43
61,Sibyl,Prisk,sprisk1o@exblog.jp,Genderqueer,224.75.184.129
62,Dwight,Parr,dparr1p@scribd.com,Male,35.14.37.125
63,Paige,Mc Curlye,pmccurlye1q@ycombinator.com,Female,163.154.100.19
64,Guglielmo,Elies,gelies1r@time.com,Male,209.200.70.129
65,Hannah,Irving,hirving1s@ebay.com,Female,236.26.218.179
66,Land,Giaomozzo,lgiaomozzo1t@mediafire.com,Male,252.142.173.127
67,Marcello,Holleran,mholleran1u@indiegogo.com,Male,173.69.236.109
68,Caitrin,Scholtz,cscholtz1v@mediafire.com,Female,195.78.43.240
69,Kincaid,Alentyev,kalentyev1w@flickr.com,Male,129.2.25.87
70,Lynnette,Dalby,ldalby1x@va.gov,Female,140.209.38.167
71,Slade,Gersam,sgersam1y@abc.net.au,Male,146.212.57.237
72,Rolfe,Utteridge,rutteridge1z@boston.com,Male,143.134.51.175
73,Carlene,Draaisma,cdraaisma20@taobao.com,Non-binary,21.115.195.237
74,Myrtle,Toward,mtoward21@toplist.cz,Female,105.23.187.209
75,Mariquilla,Mustchin,mmustchin22@joomla.org,Genderfluid,26.164.70.79
76,Hewie,Cartman,hcartman23@wordpress.com,Genderqueer,43.186.172.55
77,Shena,Walcot,swalcot24@123-reg.co.uk,Female,7.26.70.72
78,Brice,Hoyes,bhoyes25@yolasite.com,Male,208.167.88.85
79,Wells,Sharman,wsharman26@harvard.edu,Male,240.124.25.227
80,Venus,Buggs,vbuggs27@netlog.com,Female,207.117.32.208
81,Hannie,Rocca,hrocca28@marriott.com,Female,42.119.177.165
82,Harrietta,Edmeads,hedmeads29@soup.io,Female,159.196.158.153
83,Rolph,Cobden,rcobden2a@multiply.com,Male,224.207.248.166
84,Barny,Snodden,bsnodden2b@purevolume.com,Genderqueer,34.53.230.4
85,Ange,Shank,ashank2c@ucla.edu,Male,153.20.7.123
86,Codi,Caunter,ccaunter2d@upenn.edu,Female,165.67.204.220
87,Willis,Stopp,wstopp2e@pcworld.com,Male,5.37.128.73
88,Delinda,Kemball,dkemball2f@wikipedia.org,Female,104.215.55.70
89,Caleb,Milkin,cmilkin2g@liveinternet.ru,Male,204.158.163.61
90,Moise,Crips,mcrips2h@sun.com,Male,248.94.195.237
91,Nydia,Odney,nodney2i@google.com,Female,22.249.85.60
92,Nelie,Robertis,nrobertis2j@jimdo.com,Female,162.186.142.26
93,Bary,Browning,bbrowning2k@guardian.co.uk,Male,165.79.76.235
94,Niven,Lavrick,nlavrick2l@blogtalkradio.com,Male,95.209.154.12
95,Chelsea,Rouchy,crouchy2m@live.com,Female,178.228.18.250
96,Thomasina,Dredge,tdredge2n@cbslocal.com,Non-binary,80.59.170.56
97,Tiphanie,Targett,ttargett2o@ocn.ne.jp,Polygender,2.30.152.85
98,Jerome,Cohalan,jcohalan2p@google.de,Male,255.193.66.98
99,Shayla,Sanger,ssanger2q@ebay.com,Female,146.45.54.209
100,Gwendolyn,Mitrikhin,gmitrikhin2r@last.fm,Female,6.40.187.157
