id,first_name,last_name,email,gender,ip_address
1101,Hailey,Gosney,hgosney0@webeden.co.uk,Male,37.69.229.179
1102,Raymund,O' Timony,rotimony1@ed.gov,Male,59.74.57.110
1103,Carrol,Farmloe,cfarmloe2@gmpg.org,Agender,188.104.248.235
1104,Farica,Harbour,fharbour3@cbc.ca,Female,184.84.147.250
1105,Karlene,Antonich,kantonich4@engadget.com,Female,55.81.101.233
1106,Tisha,Crosen,tcrosen5@reference.com,Female,177.97.54.47
1107,Raviv,Gravell,rgravell6@hp.com,Male,221.177.231.111
1108,Grissel,Layhe,glayhe7@flavors.me,Genderfluid,154.70.11.30
1109,Hamnet,Phillpot,hphillpot8@samsung.com,Male,96.95.74.18
1110,Alic,Allard,aallard9@mit.edu,Male,70.117.208.223
1111,Channa,Moncrefe,cmoncrefea@washingtonpost.com,Female,232.5.2.70
1112,Dmitri,Speerman,dspeermanb@csmonitor.com,Male,78.57.43.135
1113,Richmound,Coaker,rcoakerc@usatoday.com,Male,125.156.166.72
1114,Aleen,Lovegrove,alovegroved@examiner.com,Female,232.26.3.216
1115,Teresa,Scullard,tscullarde@hibu.com,Female,198.176.73.234
1116,Ty,Hindrich,thindrichf@pbs.org,Male,157.224.119.76
1117,Pasquale,Gurge,pgurgeg@engadget.com,Male,85.50.36.19
1118,Tuck,Coulthard,tcoulthardh@google.fr,Male,165.145.212.98
1119,Nicol,Kayzer,nkayzeri@seattletimes.com,Male,37.187.83.225
1120,Melonie,Sitlington,msitlingtonj@creativecommons.org,Female,30.235.114.230
1121,Ahmad,Burcombe,aburcombek@lycos.com,Male,185.163.151.148
1122,Robin,Dykins,rdykinsl@jugem.jp,Female,180.75.99.60
1123,Kate,Jodrellec,kjodrellecm@msu.edu,Female,156.91.45.17
1124,Micheline,Kynvin,mkynvinn@google.co.jp,Female,37.58.220.12
1125,Geordie,Claffey,gclaffeyo@uiuc.edu,Male,147.237.123.36
1126,Tate,Reiner,treinerp@dion.ne.jp,Male,242.196.0.216
1127,Nefen,Ucchino,nucchinoq@mtv.com,Male,251.226.136.46
1128,Dilan,Spancock,dspancockr@cnbc.com,Genderfluid,104.90.254.6
1129,Marrilee,Arnoult,marnoults@ucoz.ru,Bigender,133.227.55.222
1130,Robenia,Maris,rmarist@nymag.com,Female,133.90.62.172
1131,Whittaker,Longworthy,wlongworthyu@domainmarket.com,Male,184.238.236.156
1132,Willow,Eager,weagerv@surveymonkey.com,Female,248.178.20.23
1133,Elly,Aleksandrov,ealeksandrovw@google.fr,Female,225.244.110.6
1134,Claudia,Derrington,cderringtonx@wikispaces.com,Female,21.39.190.159
1135,Curcio,Conan,cconany@bravesites.com,Male,100.122.161.29
1136,Trey,Nana,tnanaz@qq.com,Male,5.67.217.11
1137,Roscoe,Hadwen,rhadwen10@hao123.com,Male,29.111.51.52
1138,Hannah,Witheford,hwitheford11@eepurl.com,Female,72.225.84.42
1139,Skyler,Rosenblath,srosenblath12@woothemes.com,Male,6.22.183.239
1140,Justine,Skitterel,jskitterel13@wufoo.com,Female,61.252.38.56
1141,Jennee,Willard,jwillard14@unblog.fr,Female,126.235.155.0
1142,Leonelle,Pollard,lpollard15@hibu.com,Female,58.104.210.0
1143,Archer,Dmitrienko,admitrienko16@ucla.edu,Male,178.207.186.69
1144,Kerby,Hadwick,khadwick17@nba.com,Male,72.38.210.92
1145,Lari,Freeborn,lfreeborn18@salon.com,Female,106.23.230.183
1146,Norean,Lunn,nlunn19@feedburner.com,Female,48.205.168.89
1147,Elyssa,Aberdeen,eaberdeen1a@answers.com,Female,91.150.219.114
1148,Hilary,Georgievski,hgeorgievski1b@seesaa.net,Male,238.15.244.185
1149,Ethan,Bostick,ebostick1c@redcross.org,Male,124.141.65.108
1150,Ellen,Roydon,eroydon1d@wsj.com,Female,241.210.121.3
1151,Mack,Sinnett,msinnett1e@scribd.com,Genderfluid,59.19.254.220
1152,Martie,Lancashire,mlancashire1f@google.de,Male,52.151.105.79
1153,Shermy,Dorian,sdorian1g@sfgate.com,Male,21.24.245.137
1154,Gale,Westmorland,gwestmorland1h@nbcnews.com,Female,126.119.163.104
1155,Thorin,Terram,tterram1i@studiopress.com,Male,3.216.78.160
1156,Harriet,McEllen,hmcellen1j@seesaa.net,Female,74.36.30.98
1157,Elka,Garrie,egarrie1k@behance.net,Female,200.114.227.174
1158,Coop,Joel,cjoel1l@hibu.com,Male,112.113.36.13
1159,Chloe,Diter,cditer1m@nymag.com,Female,58.126.69.113
1160,Giselbert,Davidman,gdavidman1n@tumblr.com,Male,240.232.247.48
1161,Reinhard,Poytheras,rpoytheras1o@squidoo.com,Male,60.191.148.3
1162,Mitchael,Best,mbest1p@aol.com,Male,165.200.245.24
1163,Montgomery,Bolderson,mbolderson1q@flickr.com,Male,26.78.68.41
1164,Kacie,Durnford,kdurnford1r@sakura.ne.jp,Female,23.3.40.157
1165,Leif,St Leger,lstleger1s@mail.ru,Male,216.80.243.108
1166,Berke,Rodway,brodway1t@cargocollective.com,Male,245.219.196.163
1167,Adelle,Ipwell,aipwell1u@usa.gov,Non-binary,246.177.132.98
1168,Sarine,Degg,sdegg1v@addthis.com,Female,131.49.175.97
1169,Ashley,Adame,aadame1w@oracle.com,Male,171.165.102.245
1170,Meryl,Wiffen,mwiffen1x@simplemachines.org,Male,137.134.223.154
1171,Karlen,Creboe,kcreboe1y@qq.com,Female,94.66.23.234
1172,Sarina,Drayton,sdrayton1z@drupal.org,Female,94.255.91.72
1173,Bernie,Iacobucci,biacobucci20@desdev.cn,Male,223.83.10.231
1174,Caresse,Wyon,cwyon21@tamu.edu,Female,42.238.52.42
1175,Armin,Cooney,acooney22@yale.edu,Genderqueer,190.43.130.102
1176,Carlie,Reynold,creynold23@state.gov,Female,48.182.189.211
1177,Adria,Pauel,apauel24@paginegialle.it,Female,201.250.21.49
1178,Aldous,Cove,acove25@java.com,Male,166.232.239.250
1179,Tallulah,Eveleigh,teveleigh26@woothemes.com,Female,210.215.58.0
1180,Barnebas,Bear,bbear27@ft.com,Male,135.229.182.227
1181,Clarita,Battershall,cbattershall28@woothemes.com,Female,16.65.41.177
1182,Peta,Guitt,pguitt29@imageshack.us,Female,154.132.18.131
1183,Claudius,Stockney,cstockney2a@nbcnews.com,Male,122.128.83.82
1184,Cassondra,Pickvance,cpickvance2b@tripod.com,Female,61.164.233.20
1185,Raine,Dutteridge,rdutteridge2c@domainmarket.com,Female,96.90.195.107
1186,Case,Cardillo,ccardillo2d@github.io,Male,241.236.193.127
1187,Pierette,Clyma,pclyma2e@nifty.com,Female,250.66.223.59
1188,Benedict,Janouch,bjanouch2f@list-manage.com,Male,253.132.243.17
1189,Gabby,O'Henery,gohenery2g@shutterfly.com,Male,149.136.154.34
1190,Guss,Leathwood,gleathwood2h@stanford.edu,Male,47.41.99.28
1191,Elmo,Baccus,ebaccus2i@typepad.com,Male,251.43.96.189
1192,Ashil,Ineson,aineson2j@google.ca,Female,61.228.174.49
1193,Feliza,Fitchell,ffitchell2k@bloglovin.com,Female,4.74.165.43
1194,Jilleen,Antonignetti,jantonignetti2l@4shared.com,Female,233.184.130.153
1195,Mylo,Gurery,mgurery2m@squarespace.com,Genderqueer,98.57.53.131
1196,Edmund,Taks,etaks2n@ehow.com,Male,210.245.162.95
1197,D'arcy,MacIlory,dmacilory2o@people.com.cn,Male,64.161.93.245
1198,Saw,Cranefield,scranefield2p@linkedin.com,Male,135.128.130.101
1199,Jodie,Hancock,jhancock2q@delicious.com,Male,162.58.8.170
1200,Andie,Blowes,ablowes2r@techcrunch.com,Male,15.133.145.151
1201,Cleo,Agius,cagius2s@people.com.cn,Female,30.35.33.8
1202,Avery,Barden,abarden2t@omniture.com,Male,216.108.82.9
1203,Martica,Cordsen,mcordsen2u@spotify.com,Bigender,88.248.122.41
1204,Madelina,Boylund,mboylund2v@aboutads.info,Female,19.114.80.6
1205,Arabela,McGeachey,amcgeachey2w@cbsnews.com,Female,77.0.120.214
1206,Darwin,Sevitt,dsevitt2x@ibm.com,Male,204.230.135.206
1207,Nefen,Sellor,nsellor2y@disqus.com,Male,100.70.123.200
1208,Desdemona,Chasmar,dchasmar2z@rakuten.co.jp,Female,106.228.248.46
1209,Chariot,Tucker,ctucker30@senate.gov,Male,58.252.218.115
1210,Marlow,Lis,mlis31@indiegogo.com,Male,94.229.23.220
1211,Yvonne,Whayman,ywhayman32@blogger.com,Female,112.190.171.94
1212,Maurita,Gostling,mgostling33@mac.com,Non-binary,224.56.228.213
1213,Agustin,Jako,ajako34@foxnews.com,Male,214.181.243.106
1214,Hadleigh,Busswell,hbusswell35@salon.com,Male,21.232.10.213
1215,Masha,Furnell,mfurnell36@wordpress.org,Female,11.158.202.67
1216,Farica,Kenion,fkenion37@storify.com,Female,241.120.229.214
1217,Krispin,Plott,kplott38@phpbb.com,Male,84.33.240.181
1218,Rowan,Gwilliams,rgwilliams39@noaa.gov,Male,159.145.156.39
1219,Mylo,Pimley,mpimley3a@tripadvisor.com,Male,132.142.197.158
1220,Rozanna,Bowller,rbowller3b@bandcamp.com,Non-binary,199.165.123.218
1221,Payton,Carbonell,pcarbonell3c@google.com.au,Male,166.129.87.158
1222,Chico,Cattermoul,ccattermoul3d@acquirethisname.com,Male,24.203.36.83
1223,Harley,Baldwin,hbaldwin3e@php.net,Male,118.60.212.132
1224,Albert,Jeppensen,ajeppensen3f@slideshare.net,Male,21.228.86.76
1225,Gussie,Peltzer,gpeltzer3g@opensource.org,Female,202.242.170.57
1226,Susannah,Kastel,skastel3h@amazon.co.uk,Female,193.250.32.224
1227,Abbie,Jolland,ajolland3i@mediafire.com,Male,57.204.115.34
1228,Cassi,Stucksbury,cstucksbury3j@china.com.cn,Female,128.164.219.71
1229,Urbano,Gisby,ugisby3k@earthlink.net,Male,17.37.215.255
1230,Tiler,Garvan,tgarvan3l@xing.com,Male,76.63.13.136
1231,Delly,Feeley,dfeeley3m@dagondesign.com,Female,209.248.61.183
1232,Kristian,Pinard,kpinard3n@globo.com,Agender,113.83.8.202
1233,Philis,Allner,pallner3o@senate.gov,Female,35.191.182.225
1234,Lonna,Francescuccio,lfrancescuccio3p@e-recht24.de,Female,37.234.12.155
1235,Christabel,Croad,ccroad3q@cnbc.com,Female,4.145.138.82
1236,Lin,Gerdes,lgerdes3r@freewebs.com,Female,102.138.110.255
1237,Clovis,Barczynski,cbarczynski3s@seesaa.net,Female,225.102.196.25
1238,Lolita,Puxley,lpuxley3t@rakuten.co.jp,Female,71.51.204.156
1239,Gunner,Elgie,gelgie3u@jigsy.com,Male,147.251.153.74
1240,Onofredo,Rotte,orotte3v@un.org,Male,162.95.248.171
1241,Bel,Napthine,bnapthine3w@godaddy.com,Female,24.86.108.3
1242,Gasparo,Skells,gskells3x@yolasite.com,Male,180.104.195.207
1243,Mona,Bosche,mbosche3y@sfgate.com,Female,253.37.247.154
1244,Sharona,Goosey,sgoosey3z@multiply.com,Female,187.10.8.200
1245,Sully,Broun,sbroun40@feedburner.com,Male,88.205.49.210
1246,Leonanie,Meron,lmeron41@cnbc.com,Female,75.121.20.219
1247,Hi,Cumine,hcumine42@google.com,Male,79.132.33.88
1248,Redd,Merricks,rmerricks43@bloglines.com,Male,38.201.98.17
1249,Maurise,Cawthra,mcawthra44@rakuten.co.jp,Male,44.63.80.243
1250,Xerxes,Ferryman,xferryman45@ucoz.com,Male,21.68.69.238
1251,Cleveland,Kulas,ckulas46@dion.ne.jp,Male,174.172.236.8
1252,Anastasia,Swinyard,aswinyard47@weather.com,Female,46.27.172.22
1253,Kellie,Jacobsohn,kjacobsohn48@gizmodo.com,Female,1.51.11.210
1254,Thomas,Ferryn,tferryn49@merriam-webster.com,Male,13.134.58.34
1255,Poul,Beau,pbeau4a@who.int,Male,188.134.165.174
1256,Elise,Ammer,eammer4b@yelp.com,Female,183.250.154.38
1257,Penelope,Stemson,pstemson4c@java.com,Female,204.102.151.88
1258,Alane,Hagart,ahagart4d@altervista.org,Genderfluid,70.106.54.157
1259,Tann,Allon,tallon4e@sphinn.com,Male,28.48.148.106
1260,Hector,Jaulme,hjaulme4f@booking.com,Agender,113.87.202.6
1261,Cirstoforo,Tedridge,ctedridge4g@wikispaces.com,Male,107.31.167.133
1262,Biron,Amthor,bamthor4h@dedecms.com,Male,195.77.225.182
1263,Wynne,Capstack,wcapstack4i@usda.gov,Female,39.177.184.157
1264,Brucie,Matfield,bmatfield4j@census.gov,Male,126.104.49.247
1265,Antoni,Probat,aprobat4k@cnet.com,Male,240.198.207.149
1266,Hollis,Skate,hskate4l@google.ru,Male,225.179.146.92
1267,Paulo,Calvard,pcalvard4m@dailymotion.com,Male,63.164.122.24
1268,Hildy,Bodker,hbodker4n@surveymonkey.com,Female,155.95.75.163
1269,Tab,Biggar,tbiggar4o@pagesperso-orange.fr,Male,28.41.205.224
1270,Hugo,Pimlock,hpimlock4p@mayoclinic.com,Male,205.103.19.151
1271,Dwayne,Sprason,dsprason4q@livejournal.com,Male,0.116.73.36
1272,Emmalyn,Boch,eboch4r@mapquest.com,Female,56.84.15.49
1273,Clive,Harman,charman4s@parallels.com,Male,241.4.42.242
1274,Eli,Madge,emadge4t@dyndns.org,Male,104.61.163.252
1275,Amandie,Husbands,ahusbands4u@bandcamp.com,Female,131.8.227.98
1276,Milissent,Napoleone,mnapoleone4v@hud.gov,Female,151.14.86.2
1277,Fidelity,Mosconi,fmosconi4w@amazonaws.com,Polygender,125.173.48.228
1278,Rod,Spadoni,rspadoni4x@drupal.org,Male,11.234.150.237
1279,Clerissa,Whyberd,cwhyberd4y@ft.com,Female,104.136.71.126
1280,Olympe,Spicer,ospicer4z@apache.org,Genderfluid,37.139.172.212
1281,Tierney,Tift,ttift50@weather.com,Polygender,149.220.106.6
1282,Jone,Da Costa,jdacosta51@amazon.co.jp,Male,32.67.92.206
1283,Lucais,Berth,lberth52@deviantart.com,Male,4.192.211.70
1284,Giuseppe,Cordle,gcordle53@illinois.edu,Male,43.126.51.153
1285,Elsey,Rainy,erainy54@google.fr,Female,26.210.250.247
1286,Carmine,Osgordby,cosgordby55@about.me,Male,232.36.189.93
1287,Archambault,Pideon,apideon56@quantcast.com,Non-binary,47.88.106.6
1288,Nicholas,Jobb,njobb57@whitehouse.gov,Polygender,42.137.89.108
1289,Chrotoem,Muckersie,cmuckersie58@usgs.gov,Male,181.208.130.108
1290,Jozef,Gedge,jgedge59@naver.com,Male,39.163.61.42
1291,Drew,Petracco,dpetracco5a@sohu.com,Male,26.71.15.2
1292,Cirillo,Filipponi,cfilipponi5b@theglobeandmail.com,Male,115.243.149.150
1293,Wat,Middlewick,wmiddlewick5c@dailymotion.com,Male,2.58.88.165
1294,Shay,Corps,scorps5d@sitemeter.com,Female,53.66.161.140
1295,Charlotta,Marryatt,cmarryatt5e@wufoo.com,Female,254.176.219.1
1296,Lindsay,Gammon,lgammon5f@ow.ly,Male,105.51.211.35
1297,Nikolaos,Woodyear,nwoodyear5g@blogspot.com,Male,67.11.184.64
1298,Petronella,Pearman,ppearman5h@umich.edu,Female,150.62.155.178
1299,Liv,Scargill,lscargill5i@last.fm,Female,80.231.153.79
1300,Lee,Pitchers,lpitchers5j@google.it,Male,92.239.107.152
1301,Valencia,Cornejo,vcornejo5k@jimdo.com,Female,181.43.45.92
1302,Marcille,Lightman,mlightman5l@dion.ne.jp,Female,51.126.177.150
1303,Daren,Harron,dharron5m@eepurl.com,Male,36.23.113.60
1304,Guntar,Loos,gloos5n@cdc.gov,Male,129.213.126.78
1305,Carmelle,Van Oort,cvanoort5o@eepurl.com,Female,43.184.191.57
1306,Stace,Treat,streat5p@amazonaws.com,Genderfluid,59.14.51.171
1307,Flin,Sneyd,fsneyd5q@cargocollective.com,Male,65.4.57.31
1308,Benedikta,Costard,bcostard5r@4shared.com,Bigender,63.10.238.194
1309,Giuditta,Rama,grama5s@go.com,Female,126.198.114.38
1310,Etty,Ringham,eringham5t@opensource.org,Genderfluid,57.4.91.235
1311,Rycca,Deehan,rdeehan5u@reuters.com,Female,241.234.102.162
1312,Raimundo,Sinkinson,rsinkinson5v@blinklist.com,Male,146.28.62.2
1313,Bald,Reuben,breuben5w@dailymail.co.uk,Male,147.65.36.21
1314,Avrit,O'Fogerty,aofogerty5x@scientificamerican.com,Female,68.201.148.195
1315,Wilhelm,Bodman,wbodman5y@upenn.edu,Male,1.50.177.186
1316,Clementina,Sprague,csprague5z@aol.com,Female,244.130.136.142
1317,Gav,Doumic,gdoumic60@google.com.hk,Male,96.79.202.60
1318,Lezley,Deniskevich,ldeniskevich61@gravatar.com,Male,9.195.59.47
1319,Jessamyn,Gonin,jgonin62@ed.gov,Female,5.81.71.71
1320,Johna,Randerson,jranderson63@loc.gov,Female,4.3.100.39
1321,Desiri,Traviss,dtraviss64@technorati.com,Female,148.27.104.234
1322,Zacharie,Toppin,ztoppin65@yellowbook.com,Male,110.75.82.112
1323,Cherey,Sofe,csofe66@bravesites.com,Female,208.155.179.110
1324,Katrinka,Paszek,kpaszek67@ucoz.ru,Female,43.162.211.40
1325,Baxter,Dommerque,bdommerque68@seattletimes.com,Male,47.163.216.210
1326,Esmaria,Brunsdon,ebrunsdon69@addtoany.com,Female,11.115.96.237
1327,Christoph,Ilem,cilem6a@myspace.com,Male,196.198.142.183
1328,Ariel,Toe,atoe6b@washington.edu,Polygender,111.217.21.184
1329,Maddalena,Vesty,mvesty6c@intel.com,Female,59.139.52.244
1330,Sula,Lygo,slygo6d@jigsy.com,Female,116.249.44.243
1331,Arlen,Chessill,achessill6e@google.co.uk,Female,166.183.154.37
1332,Aeriela,Albinson,aalbinson6f@twitpic.com,Female,245.190.151.36
1333,Riley,Kastel,rkastel6g@nps.gov,Male,93.80.128.185
1334,Broddie,Lismer,blismer6h@chronoengine.com,Male,223.205.237.115
1335,Delaney,Noller,dnoller6i@census.gov,Male,180.250.254.210
1336,Ruby,Fraczkiewicz,rfraczkiewicz6j@pen.io,Female,14.108.201.133
1337,Bliss,Dei,bdei6k@reference.com,Female,77.221.13.233
1338,Alison,Maneylaws,amaneylaws6l@nih.gov,Female,153.13.173.223
1339,Emmery,Berling,eberling6m@nyu.edu,Male,165.40.251.3
1340,Lukas,McKeag,lmckeag6n@yelp.com,Male,107.132.129.202
1341,Melosa,Quarrell,mquarrell6o@youku.com,Female,114.75.103.172
1342,Iggie,Bradborne,ibradborne6p@multiply.com,Male,61.84.146.201
1343,Crissy,Crosher,ccrosher6q@noaa.gov,Female,50.231.10.69
1344,Gail,Bernholt,gbernholt6r@marriott.com,Female,132.53.252.251
1345,Ringo,Lowrance,rlowrance6s@ucsd.edu,Male,11.217.139.10
1346,Wernher,Biner,wbiner6t@moonfruit.com,Male,225.1.245.89
1347,Sophronia,Dofty,sdofty6u@mac.com,Genderqueer,165.145.226.6
1348,Aloysia,Daggett,adaggett6v@com.com,Female,188.70.217.58
1349,Lorens,Habeshaw,lhabeshaw6w@uiuc.edu,Male,248.132.18.91
1350,Arlana,Lampbrecht,alampbrecht6x@fastcompany.com,Female,195.176.124.133
1351,Tadeas,McKew,tmckew6y@dion.ne.jp,Male,100.136.35.64
1352,Thorny,Elders,telders6z@cpanel.net,Male,38.96.191.156
1353,Jana,McFadin,jmcfadin70@loc.gov,Female,169.79.108.121
1354,Brewer,MacCague,bmaccague71@bluehost.com,Male,78.145.215.205
1355,Magnum,Margetson,mmargetson72@unc.edu,Genderqueer,4.194.137.214
1356,Grover,Hazlehurst,ghazlehurst73@weebly.com,Male,36.173.234.9
1357,Willi,Langfitt,wlangfitt74@cnbc.com,Female,205.164.189.120
1358,Damiano,Hampshaw,dhampshaw75@engadget.com,Male,30.88.76.175
1359,Nick,Lomasna,nlomasna76@imageshack.us,Male,63.208.58.200
1360,Elia,Olford,eolford77@myspace.com,Male,87.94.174.61
1361,Gardner,Hallbird,ghallbird78@networkadvertising.org,Male,209.138.232.69
1362,Darlleen,Trussler,dtrussler79@columbia.edu,Bigender,35.177.247.248
1363,Meridel,Olivari,molivari7a@google.com.au,Genderfluid,211.188.196.202
1364,Juliann,Colledge,jcolledge7b@goo.ne.jp,Female,116.169.244.86
1365,Florrie,Boulstridge,fboulstridge7c@oaic.gov.au,Female,164.126.56.102
1366,Thibaud,Budcock,tbudcock7d@163.com,Male,182.99.242.50
1367,Obadiah,Keedwell,okeedwell7e@tinypic.com,Male,40.24.178.2
1368,Jefferson,Le Frank,jlefrank7f@blogger.com,Genderqueer,234.79.179.251
1369,Alana,Lettington,alettington7g@xing.com,Female,252.30.169.250
1370,Alene,Robb,arobb7h@google.fr,Female,194.13.139.50
1371,Lira,Chalcraft,lchalcraft7i@ted.com,Female,9.55.51.45
1372,Danyette,Magauran,dmagauran7j@jalbum.net,Female,172.41.228.132
1373,Sallie,Saggs,ssaggs7k@usa.gov,Genderqueer,136.214.118.49
1374,Bibbie,Kinnett,bkinnett7l@blog.com,Female,137.178.78.225
1375,Sebastian,Glennard,sglennard7m@twitter.com,Male,96.253.253.218
1376,Nealy,Kitt,nkitt7n@cdbaby.com,Male,233.202.151.153
1377,Law,Glenton,lglenton7o@jalbum.net,Agender,111.15.156.62
1378,Renate,Cronin,rcronin7p@gmpg.org,Female,4.120.243.4
1379,Shanon,Lidster,slidster7q@forbes.com,Female,22.59.18.239
1380,Hyman,Paydon,hpaydon7r@sfgate.com,Male,74.123.91.99
1381,Wang,Dei,wdei7s@hostgator.com,Genderfluid,177.13.209.190
1382,Stinky,Keener,skeener7t@nbcnews.com,Male,219.219.134.15
1383,Waylin,Capini,wcapini7u@businesswire.com,Male,159.47.67.84
1384,Clarice,Burtwhistle,cburtwhistle7v@w3.org,Female,71.146.135.219
1385,Audra,Blackmuir,ablackmuir7w@craigslist.org,Female,33.168.192.43
1386,Jeanette,Give,jgive7x@4shared.com,Female,72.242.154.197
1387,Aksel,Kleinmintz,akleinmintz7y@instagram.com,Male,250.183.63.114
1388,Agatha,Gillis,agillis7z@ifeng.com,Female,219.41.157.235
1389,Danyette,Weathey,dweathey80@goo.ne.jp,Female,116.249.136.1
1390,Laurie,Doore,ldoore81@cloudflare.com,Female,206.1.157.142
1391,Nickolai,Turley,nturley82@etsy.com,Male,71.209.159.145
1392,Dame,Downse,ddownse83@joomla.org,Male,252.189.243.215
1393,Natty,Urien,nurien84@flavors.me,Female,213.170.76.113
1394,Meris,Jovicevic,mjovicevic85@virginia.edu,Female,120.200.174.43
1395,Gale,McGuiney,gmcguiney86@admin.ch,Female,130.183.16.111
1396,Marilyn,Winders,mwinders87@squidoo.com,Female,239.241.121.29
1397,Marje,Gravie,mgravie88@unicef.org,Female,57.198.179.12
1398,Layney,Knoles,lknoles89@google.pl,Female,30.231.244.76
1399,Ari,Curwood,acurwood8a@miibeian.gov.cn,Male,117.68.137.244
1400,Tallou,Parram,tparram8b@cnbc.com,Female,57.56.150.119
1401,Lockwood,Thaim,lthaim8c@prweb.com,Male,209.50.49.33
1402,Kelly,Le Barr,klebarr8d@bluehost.com,Male,10.147.164.212
1403,Caitrin,Hegel,chegel8e@canalblog.com,Female,155.253.126.119
1404,Ennis,Badsworth,ebadsworth8f@un.org,Male,101.152.214.246
1405,Christalle,Truelock,ctruelock8g@chicagotribune.com,Polygender,22.205.154.220
1406,Yancy,Cambell,ycambell8h@answers.com,Male,186.52.15.131
1407,Almire,MacGauhy,amacgauhy8i@amazon.com,Non-binary,129.170.112.81
1408,Giorgio,Hutchin,ghutchin8j@cnn.com,Male,178.53.33.98
1409,Dru,Ruzic,druzic8k@oracle.com,Male,40.155.48.61
1410,Delmar,Semonin,dsemonin8l@ed.gov,Male,57.8.102.250
1411,Tildie,Lardner,tlardner8m@reverbnation.com,Female,117.171.145.167
1412,Raynell,Bracchi,rbracchi8n@ycombinator.com,Polygender,219.151.143.200
1413,Abbe,Toohey,atoohey8o@creativecommons.org,Female,48.118.85.95
1414,Kalvin,Balaisot,kbalaisot8p@bluehost.com,Male,161.233.149.54
1415,Cairistiona,Tockell,ctockell8q@amazon.de,Female,145.91.230.141
1416,Florida,Satterley,fsatterley8r@posterous.com,Female,192.18.84.55
1417,Clay,Coughan,ccoughan8s@house.gov,Male,179.109.196.158
1418,Katy,Espadero,kespadero8t@163.com,Non-binary,153.144.154.92
1419,Evangeline,Retchless,eretchless8u@aboutads.info,Female,95.150.22.29
1420,Esmeralda,McGirl,emcgirl8v@ed.gov,Female,153.65.173.52
1421,Delphinia,Slocom,dslocom8w@google.com.hk,Female,103.72.97.247
1422,Rabbi,Tebbitt,rtebbitt8x@wikia.com,Male,104.29.130.194
1423,Hanna,Killimister,hkillimister8y@sakura.ne.jp,Female,111.9.60.157
1424,Eilis,Glendining,eglendining8z@loc.gov,Female,88.246.189.117
1425,Cristian,Wadham,cwadham90@imageshack.us,Male,135.190.37.78
1426,Reade,de Chastelain,rdechastelain91@desdev.cn,Male,153.22.118.50
1427,Salomo,Damrell,sdamrell92@123-reg.co.uk,Male,247.189.230.240
1428,Ashley,Robertazzi,arobertazzi93@wikipedia.org,Male,249.62.72.213
1429,Mendel,Sinisbury,msinisbury94@nationalgeographic.com,Agender,131.109.21.242
1430,Farley,Leasor,fleasor95@a8.net,Male,3.219.31.49
1431,Vanny,Barnwall,vbarnwall96@opera.com,Female,4.46.159.107
1432,Hakim,Suter,hsuter97@sakura.ne.jp,Male,74.55.131.197
1433,Xavier,MacUchadair,xmacuchadair98@prweb.com,Male,51.30.238.180
1434,Trudey,Pinchin,tpinchin99@homestead.com,Polygender,108.38.91.24
1435,Kelcey,Heinssen,kheinssen9a@slideshare.net,Female,57.227.230.50
1436,Granger,Domney,gdomney9b@tuttocitta.it,Male,114.204.152.36
1437,Mickey,Stangoe,mstangoe9c@topsy.com,Male,168.168.48.87
1438,Talbot,Sparshutt,tsparshutt9d@fc2.com,Male,79.170.16.71
1439,Gaylene,Astlett,gastlett9e@washington.edu,Female,141.9.151.76
1440,Orson,L'Archer,olarcher9f@spiegel.de,Male,52.142.71.191
1441,Anselma,Verling,averling9g@umich.edu,Female,158.81.252.47
1442,Sandor,Broadis,sbroadis9h@free.fr,Male,23.5.23.66
1443,Anatollo,Newlands,anewlands9i@utexas.edu,Male,133.158.165.193
1444,Matilde,Kennea,mkennea9j@ocn.ne.jp,Female,230.244.251.92
1445,Karmen,Lessmare,klessmare9k@smh.com.au,Female,151.160.236.240
1446,Arney,Arents,aarents9l@usatoday.com,Male,89.214.97.137
1447,Valentino,Longina,vlongina9m@cornell.edu,Male,205.24.80.3
1448,Gunther,Severn,gsevern9n@ftc.gov,Male,59.22.137.217
1449,Reinhold,Rickell,rrickell9o@nih.gov,Male,157.71.179.116
1450,Neall,Yushankin,nyushankin9p@archive.org,Male,124.16.34.140
1451,Benny,Rikard,brikard9q@sogou.com,Female,249.197.113.96
1452,Towny,Hirsthouse,thirsthouse9r@gov.uk,Male,156.162.198.148
1453,Adara,Pinfold,apinfold9s@istockphoto.com,Female,111.91.154.81
1454,Christine,Castille,ccastille9t@marketwatch.com,Female,141.49.228.151
1455,Naomi,MacMillan,nmacmillan9u@ucoz.com,Female,2.190.231.96
1456,Neville,Ticehurst,nticehurst9v@chicagotribune.com,Male,26.53.147.223
1457,Florinda,Devin,fdevin9w@w3.org,Female,240.246.89.91
1458,Gran,Hammersley,ghammersley9x@typepad.com,Male,179.250.207.204
1459,Gaby,Sabban,gsabban9y@wordpress.org,Male,74.78.40.213
1460,Gayle,Ledrun,gledrun9z@opera.com,Male,85.239.229.149
1461,Albertina,Winyard,awinyarda0@ucsd.edu,Female,61.129.224.241
1462,Silvie,Gavriel,sgavriela1@mozilla.com,Bigender,45.33.138.162
1463,Storm,Di Giacomo,sdigiacomoa2@mozilla.org,Female,203.204.117.12
1464,Salomone,Sandwith,ssandwitha3@oaic.gov.au,Male,63.170.78.239
1465,Torin,Gianullo,tgianulloa4@ehow.com,Male,63.246.54.174
1466,Heidi,Loughlin,hloughlina5@seattletimes.com,Female,209.36.57.187
1467,Siana,Fleeming,sfleeminga6@npr.org,Female,181.167.33.102
1468,Prudy,Shutle,pshutlea7@aboutads.info,Female,79.255.178.240
1469,Agnes,Fridlington,afridlingtona8@nymag.com,Female,225.202.95.7
1470,Beau,Coverlyn,bcoverlyna9@xinhuanet.com,Male,39.126.88.181
1471,Cyrill,Sauniere,csauniereaa@ocn.ne.jp,Male,217.159.112.221
1472,Gerald,Castagne,gcastagneab@tinyurl.com,Male,166.210.54.29
1473,Debby,Petrasch,dpetraschac@google.pl,Female,137.76.20.255
1474,Zared,McAvaddy,zmcavaddyad@mapquest.com,Male,128.92.194.124
1475,Martha,Allner,mallnerae@naver.com,Genderfluid,72.236.248.248
1476,Kalil,Clausewitz,kclausewitzaf@jugem.jp,Male,6.38.208.72
1477,Ailee,Allitt,aallittag@pbs.org,Female,52.18.167.58
1478,Iris,Pidgeley,ipidgeleyah@delicious.com,Female,132.94.77.72
1479,Toddy,Pickworth,tpickworthai@marketwatch.com,Male,54.137.122.200
1480,William,Eddisforth,weddisforthaj@webeden.co.uk,Male,62.19.195.175
1481,Genovera,Stockall,gstockallak@cbslocal.com,Female,251.162.1.95
1482,Ethelind,Edens,eedensal@elpais.com,Female,128.194.7.114
1483,Melesa,Kettell,mkettellam@t.co,Female,190.247.55.238
1484,Darla,Jerschke,djerschkean@umich.edu,Female,156.227.49.18
1485,Lalo,Oldknow,loldknowao@taobao.com,Male,90.171.46.60
1486,Vasilis,Sixsmith,vsixsmithap@disqus.com,Male,177.50.192.204
1487,Demott,Cicetti,dcicettiaq@ocn.ne.jp,Male,145.152.43.114
1488,Thurston,Thibodeaux,tthibodeauxar@cbsnews.com,Male,223.71.185.204
1489,Nanine,Imrie,nimrieas@nasa.gov,Female,247.15.154.105
1490,Danyette,Bisset,dbissetat@amazon.de,Female,30.125.41.103
1491,Ali,Shirley,ashirleyau@businessweek.com,Male,208.104.216.219
1492,Charmain,Yon,cyonav@berkeley.edu,Female,61.217.227.231
1493,Mellisent,Odams,modamsaw@oaic.gov.au,Female,134.117.6.217
1494,Guillemette,Jeandet,gjeandetax@networkadvertising.org,Female,76.106.63.92
1495,Mychal,McElvine,mmcelvineay@exblog.jp,Male,154.149.154.208
1496,Kalle,Iddons,kiddonsaz@t-online.de,Male,40.74.198.48
1497,Anselma,Furlong,afurlongb0@cmu.edu,Non-binary,20.2.6.173
1498,Nicolas,Wilkisson,nwilkissonb1@xinhuanet.com,Male,137.214.108.9
1499,Ingamar,Daulby,idaulbyb2@newsvine.com,Male,119.33.40.221
1500,Romonda,Leele,rleeleb3@paypal.com,Female,111.217.166.180
1501,Jedediah,Sharville,jsharvilleb4@weebly.com,Male,53.167.249.146
1502,Darcy,Morton,dmortonb5@pcworld.com,Female,124.217.62.176
1503,Katerine,Folling,kfollingb6@gizmodo.com,Female,171.133.65.168
1504,Lesley,Panons,lpanonsb7@ow.ly,Female,107.131.234.66
1505,Amabelle,Aishford,aaishfordb8@storify.com,Female,111.111.253.97
1506,Rozalin,Stit,rstitb9@ning.com,Female,216.216.182.253
1507,Licha,Vallens,lvallensba@boston.com,Female,153.89.5.56
1508,Moria,Dreelan,mdreelanbb@patch.com,Female,65.127.42.236
1509,Nesta,Stoltz,nstoltzbc@altervista.org,Female,119.24.8.135
1510,Josh,Ventham,jventhambd@pcworld.com,Male,245.130.71.97
1511,Marcos,Lamborn,mlambornbe@lulu.com,Male,178.255.42.16
1512,Packston,Wellwood,pwellwoodbf@infoseek.co.jp,Male,249.251.255.227
1513,Hiram,Addis,haddisbg@engadget.com,Male,125.241.143.174
1514,Derry,Fulloway,dfullowaybh@cornell.edu,Male,158.123.121.199
1515,Leopold,Blabey,lblabeybi@qq.com,Male,75.4.128.146
1516,Arnuad,Shalcras,ashalcrasbj@skype.com,Agender,93.125.76.62
1517,Dolorita,Power,dpowerbk@diigo.com,Female,173.248.135.5
1518,Eb,Diche,edichebl@rambler.ru,Male,48.224.118.51
1519,Zora,Boorne,zboornebm@state.tx.us,Female,51.121.56.6
1520,Cam,Edgeler,cedgelerbn@creativecommons.org,Male,120.114.126.214
1521,Kerianne,Harower,kharowerbo@furl.net,Female,22.247.41.171
1522,Lindsey,Thaller,lthallerbp@disqus.com,Male,91.78.160.181
1523,Aretha,Falkner,afalknerbq@example.com,Female,148.20.145.245
1524,Reilly,Riddler,rriddlerbr@who.int,Male,152.77.21.220
1525,Kelsi,MacAindreis,kmacaindreisbs@admin.ch,Female,73.36.201.179
1526,Eldridge,Heilds,eheildsbt@jimdo.com,Male,100.180.12.120
1527,Saunder,Impey,simpeybu@europa.eu,Male,109.75.112.19
1528,Dominica,Dugget,dduggetbv@ox.ac.uk,Female,209.219.189.52
1529,Bessie,Merton,bmertonbw@blogtalkradio.com,Female,75.143.131.186
1530,Justen,Mackilpatrick,jmackilpatrickbx@facebook.com,Genderfluid,86.29.216.41
1531,Dominic,Kennerley,dkennerleyby@tripod.com,Male,25.141.75.106
1532,Carilyn,Woolrich,cwoolrichbz@devhub.com,Female,109.94.192.154
1533,Zilvia,Priddle,zpriddlec0@blogger.com,Female,107.26.167.149
1534,Puff,Lapree,plapreec1@psu.edu,Bigender,23.162.65.249
1535,Buckie,Bollen,bbollenc2@xrea.com,Male,78.201.149.252
1536,Monroe,Sprasen,msprasenc3@cocolog-nifty.com,Male,217.51.88.75
1537,Tuck,Pughe,tpughec4@earthlink.net,Male,53.150.195.61
1538,Babita,Watson-Brown,bwatsonbrownc5@umn.edu,Female,158.20.49.121
1539,Konstance,Donnersberg,kdonnersbergc6@mail.ru,Female,187.113.216.102
1540,Quintin,Gyrgorcewicx,qgyrgorcewicxc7@china.com.cn,Male,48.185.161.235
1541,Hedi,Eberlein,heberleinc8@typepad.com,Female,124.143.116.231
1542,Shea,Digwood,sdigwoodc9@nhs.uk,Male,108.90.86.36
1543,Philis,Maingot,pmaingotca@foxnews.com,Female,24.54.110.55
1544,Rafaellle,Melody,rmelodycb@exblog.jp,Non-binary,119.180.191.234
1545,Evan,Cornock,ecornockcc@wordpress.org,Agender,180.65.175.74
1546,Hobey,Shelley,hshelleycd@soundcloud.com,Male,147.183.57.189
1547,Gael,Gravet,ggravetce@opensource.org,Male,120.7.5.197
1548,Free,Mallon,fmalloncf@indiatimes.com,Male,6.61.152.90
1549,Tamas,Fittall,tfittallcg@facebook.com,Polygender,106.21.210.48
1550,Giffard,Gunby,ggunbych@accuweather.com,Male,41.95.32.118
1551,Paddie,Drage,pdrageci@booking.com,Genderqueer,133.8.194.213
1552,Beauregard,McKinna,bmckinnacj@oracle.com,Male,64.10.218.252
1553,Kippy,Woolacott,kwoolacottck@bluehost.com,Female,76.196.167.89
1554,Gerry,Yoodall,gyoodallcl@sakura.ne.jp,Female,205.42.73.138
1555,Rae,Bernier,rberniercm@cdc.gov,Female,63.205.255.41
1556,Michel,Riquet,mriquetcn@ycombinator.com,Male,120.221.108.212
1557,Kurt,Fatkin,kfatkinco@comsenz.com,Male,70.125.126.126
1558,Tedra,Scorer,tscorercp@latimes.com,Female,26.214.105.86
1559,Bernadette,Joice,bjoicecq@opensource.org,Female,15.39.104.244
1560,Timofei,Shiel,tshielcr@mtv.com,Male,73.11.16.175
1561,Benjamen,Sextone,bsextonecs@adobe.com,Agender,26.52.229.161
1562,Dante,Kubala,dkubalact@merriam-webster.com,Male,157.195.11.207
1563,Pippa,Trowle,ptrowlecu@yale.edu,Female,137.144.148.145
1564,Katerine,Pettegre,kpettegrecv@purevolume.com,Female,104.15.143.129
1565,Dall,Poulett,dpoulettcw@dell.com,Male,220.145.134.206
1566,Burch,Rappaport,brappaportcx@sohu.com,Male,1.54.81.144
1567,Hildy,Endon,hendoncy@plala.or.jp,Female,191.130.210.126
1568,Aguistin,Propper,aproppercz@hp.com,Male,27.49.24.255
1569,Desirae,Heersma,dheersmad0@rambler.ru,Female,178.10.206.103
1570,Ettore,Baiss,ebaissd1@statcounter.com,Male,236.82.218.110
1571,Tonnie,Ghiron,tghirond2@google.de,Male,208.206.36.200
1572,Stesha,Enderlein,senderleind3@wired.com,Agender,185.125.34.203
1573,Everard,Lidgerton,elidgertond4@state.tx.us,Male,19.11.47.8
1574,Britney,Sherrington,bsherringtond5@geocities.com,Female,209.78.228.71
1575,Constanta,Du Barry,cdubarryd6@hatena.ne.jp,Female,192.2.134.68
1576,Morrie,Longmuir,mlongmuird7@exblog.jp,Male,140.13.122.135
1577,Jeniece,Fairhead,jfairheadd8@google.ca,Female,28.65.7.224
1578,Richard,Cersey,rcerseyd9@whitehouse.gov,Male,37.228.192.60
1579,Isabeau,Joint,ijointda@java.com,Female,135.252.162.27
1580,Alexia,Roadknight,aroadknightdb@pen.io,Female,131.132.68.94
1581,Garwood,Pixton,gpixtondc@netscape.com,Male,87.174.63.58
1582,Allin,Hubane,ahubanedd@goo.gl,Male,101.213.98.225
1583,Guthrey,Cisland,gcislandde@t.co,Male,68.20.188.149
1584,Tish,O'Glessane,toglessanedf@virginia.edu,Non-binary,164.26.108.41
1585,Lennie,McKilroe,lmckilroedg@ucoz.com,Male,126.134.80.65
1586,Kerr,Doore,kdooredh@marketwatch.com,Male,39.215.162.192
1587,Thorin,Churchin,tchurchindi@blinklist.com,Male,0.245.31.247
1588,Melly,Shillom,mshillomdj@last.fm,Female,30.98.135.124
1589,Verne,Aynsley,vaynsleydk@a8.net,Male,251.177.254.238
1590,Sullivan,Cota,scotadl@cam.ac.uk,Male,195.37.24.161
1591,Lorelle,Burdas,lburdasdm@dropbox.com,Female,5.147.175.126
1592,Tammi,Jansky,tjanskydn@icq.com,Female,19.91.208.184
1593,Celia,Riddall,criddalldo@jiathis.com,Female,199.23.219.153
1594,Clarie,Cyster,ccysterdp@networkadvertising.org,Non-binary,210.75.241.219
1595,Bank,Steart,bsteartdq@oaic.gov.au,Male,32.77.113.192
1596,Timmy,Kenryd,tkenryddr@devhub.com,Male,197.86.139.109
1597,Kathi,Passingham,kpassinghamds@adobe.com,Female,115.129.80.151
1598,Nancee,Cherrington,ncherringtondt@people.com.cn,Female,23.118.88.234
1599,Ebeneser,Medlen,emedlendu@state.gov,Male,115.243.41.217
1600,Cathryn,Treadway,ctreadwaydv@so-net.ne.jp,Genderfluid,83.152.75.131
1601,Kim,Attryde,kattrydedw@paginegialle.it,Female,244.229.230.70
1602,Rodolfo,Saich,rsaichdx@ustream.tv,Male,238.190.134.76
1603,Lian,Wharrier,lwharrierdy@nytimes.com,Female,183.35.96.7
1604,Charita,Stallan,cstallandz@paypal.com,Female,11.252.105.39
1605,Alonso,Grassot,agrassote0@naver.com,Male,6.233.246.36
1606,Bert,Vernall,bvernalle1@shinystat.com,Male,21.128.219.125
1607,Vachel,Talbot,vtalbote2@jugem.jp,Male,32.230.7.153
1608,Madge,Molson,mmolsone3@home.pl,Female,122.179.249.113
1609,Arabelle,Shouler,ashoulere4@joomla.org,Bigender,177.137.150.164
1610,Edgardo,Owlner,eowlnere5@oaic.gov.au,Male,202.129.14.200
1611,Gaye,Pitherick,gpithericke6@360.cn,Female,47.24.7.88
1612,Wain,Saipy,wsaipye7@freewebs.com,Male,231.5.77.181
1613,Anet,Beeson,abeesone8@dedecms.com,Genderqueer,220.26.147.109
1614,Ondrea,Passie,opassiee9@epa.gov,Female,197.74.184.118
1615,Elvira,Riccard,ericcardea@soundcloud.com,Female,243.108.63.217
1616,Derron,Alyoshin,dalyoshineb@nature.com,Male,27.143.132.107
1617,Westbrook,Guichard,wguichardec@google.cn,Male,149.99.252.235
1618,Ahmad,Roch,aroched@4shared.com,Male,95.149.50.106
1619,Madelene,Antognelli,mantognelliee@flavors.me,Female,84.58.8.165
1620,Hilliary,Alldre,halldreef@soundcloud.com,Female,16.90.84.168
1621,Sandor,Yanshonok,syanshonokeg@nasa.gov,Male,146.139.122.111
1622,Burr,Dilleway,bdillewayeh@lulu.com,Male,207.207.217.60
1623,Tibold,Gannon,tgannonei@nationalgeographic.com,Male,252.66.204.116
1624,Bartlet,Rawdales,brawdalesej@arizona.edu,Male,16.236.29.150
1625,Aluin,Gerling,agerlingek@moonfruit.com,Male,123.105.172.115
1626,Brittani,Daborne,bdaborneel@squidoo.com,Female,183.82.83.1
1627,Rossy,Jentgens,rjentgensem@de.vu,Male,90.253.143.58
1628,Aurelia,Frantsev,afrantseven@answers.com,Female,130.127.44.208
1629,Lucien,Stentiford,lstentifordeo@tuttocitta.it,Male,67.103.1.8
1630,Jed,Burkitt,jburkittep@photobucket.com,Male,135.226.21.116
1631,Franky,Farr,ffarreq@godaddy.com,Male,232.203.76.147
1632,Tobe,Calleja,tcallejaer@nih.gov,Male,145.189.22.28
1633,Kaylyn,Stelfax,kstelfaxes@list-manage.com,Female,230.178.183.39
1634,Almeria,Grundon,agrundonet@t.co,Agender,89.207.217.9
1635,Hermina,Gedling,hgedlingeu@alexa.com,Genderfluid,202.168.237.246
1636,Jaquith,Bakewell,jbakewellev@youtu.be,Agender,66.215.17.100
1637,Say,Margrie,smargrieew@ft.com,Male,51.31.15.80
1638,Ginelle,Harses,gharsesex@mac.com,Female,24.185.64.245
1639,Harwilll,Delatour,hdelatourey@amazon.co.jp,Male,132.86.208.205
1640,Lucian,Jaggi,ljaggiez@patch.com,Male,98.183.174.85
1641,Nevin,Crewes,ncrewesf0@moonfruit.com,Male,218.28.198.181
1642,Kandace,Broomer,kbroomerf1@tamu.edu,Female,157.27.225.97
1643,Delmar,Birkbeck,dbirkbeckf2@zdnet.com,Male,138.3.48.192
1644,Even,Burkett,eburkettf3@engadget.com,Male,74.11.31.164
1645,Murdoch,Bavage,mbavagef4@infoseek.co.jp,Male,88.115.124.213
1646,Avictor,Mullany,amullanyf5@gnu.org,Polygender,185.179.250.244
1647,Shelba,Dymock,sdymockf6@ehow.com,Bigender,204.34.16.111
1648,Alicea,Windrass,awindrassf7@blogtalkradio.com,Female,13.218.74.1
1649,Will,Dyneley,wdyneleyf8@ihg.com,Male,80.171.14.253
1650,Leonard,Bruni,lbrunif9@dagondesign.com,Male,91.118.124.27
1651,Claudie,Philpault,cphilpaultfa@discuz.net,Female,8.81.72.219
1652,Lira,Smithin,lsmithinfb@yolasite.com,Bigender,207.137.6.253
1653,Brucie,Kiezler,bkiezlerfc@gravatar.com,Male,184.249.65.128
1654,Dallas,Gidman,dgidmanfd@wordpress.org,Agender,17.194.9.170
1655,Patience,Schinetti,pschinettife@sohu.com,Female,214.155.242.112
1656,Hillie,Sarch,hsarchff@npr.org,Male,49.102.209.98
1657,Arne,Hyam,ahyamfg@yolasite.com,Male,117.72.135.209
1658,Clo,Antonijevic,cantonijevicfh@ft.com,Female,189.145.0.168
1659,Gwenore,Donaway,gdonawayfi@xrea.com,Female,231.79.121.136
1660,Magdaia,Dowley,mdowleyfj@harvard.edu,Agender,228.30.82.1
1661,Ravid,Barhams,rbarhamsfk@globo.com,Agender,1.51.24.237
1662,Sloan,Senton,ssentonfl@redcross.org,Male,60.217.78.96
1663,Joseito,Allbon,jallbonfm@com.com,Male,155.51.137.45
1664,Neill,Sprowle,nsprowlefn@uol.com.br,Male,48.78.90.53
1665,Talbert,Aimeric,taimericfo@hao123.com,Male,205.243.203.61
1666,Brady,Mendus,bmendusfp@aol.com,Male,99.63.164.28
1667,Herbie,Terney,hterneyfq@jugem.jp,Male,3.58.252.199
1668,Adolf,Elsworth,aelsworthfr@independent.co.uk,Male,184.223.251.166
1669,Bennie,Kubelka,bkubelkafs@hud.gov,Genderqueer,214.93.223.166
1670,Hamil,Dand,hdandft@canalblog.com,Male,70.249.192.199
1671,Martyn,Brilleman,mbrillemanfu@timesonline.co.uk,Male,39.187.78.137
1672,Rocky,Gladdifh,rgladdifhfv@123-reg.co.uk,Male,118.215.162.197
1673,Wilburt,Garron,wgarronfw@cbslocal.com,Male,151.26.12.60
1674,Jamaal,Mish,jmishfx@jigsy.com,Male,137.146.103.140
1675,Karee,Garritley,kgarritleyfy@list-manage.com,Female,237.138.4.182
1676,Raynell,Ingolotti,ringolottifz@disqus.com,Female,70.126.184.225
1677,Etta,Spurett,espurettg0@nydailynews.com,Female,222.65.60.33
1678,Amaleta,Metts,amettsg1@ucoz.ru,Female,204.47.53.203
1679,Tedi,Shailer,tshailerg2@dropbox.com,Female,101.167.132.196
1680,Phillida,Othen,potheng3@sciencedaily.com,Genderfluid,202.2.127.171
1681,Sybille,Onthank,sonthankg4@mapquest.com,Female,31.250.37.79
1682,Brent,Nicklen,bnickleng5@arstechnica.com,Male,204.178.240.191
1683,Steven,Cotgrove,scotgroveg6@census.gov,Male,140.132.79.78
1684,Bobbye,Wybern,bwyberng7@ehow.com,Female,77.138.66.149
1685,Ugo,Guillot,uguillotg8@ucoz.com,Male,123.138.220.20
1686,Aubrey,Shrieves,ashrievesg9@livejournal.com,Female,100.231.134.123
1687,Tristan,Johnsee,tjohnseega@umn.edu,Male,20.17.230.176
1688,Elia,Chrismas,echrismasgb@nasa.gov,Male,163.229.143.27
1689,Daisy,Benedito,dbeneditogc@china.com.cn,Female,137.94.180.46
1690,Darwin,Ethersey,detherseygd@parallels.com,Male,10.111.192.190
1691,Aaren,Harnes,aharnesge@irs.gov,Female,250.181.39.110
1692,Ange,Hackett,ahackettgf@fc2.com,Male,58.241.121.159
1693,Mike,Forgie,mforgiegg@clickbank.net,Non-binary,84.184.40.185
1694,Iosep,Triplett,itriplettgh@businessinsider.com,Male,91.130.160.122
1695,Hayden,Ksandra,hksandragi@tamu.edu,Male,188.10.34.187
1696,Garwin,Garahan,ggarahangj@yahoo.co.jp,Male,135.25.37.57
1697,Baryram,Elven,belvengk@amazon.com,Male,65.68.47.56
1698,Guillemette,Dimeloe,gdimeloegl@de.vu,Female,100.173.228.139
1699,Verena,Tallon,vtallongm@hud.gov,Female,119.237.163.57
1700,Hill,Smythe,hsmythegn@marriott.com,Male,203.239.248.16
1701,Mack,Janus,mjanusgo@ucsd.edu,Male,109.165.254.222
1702,Zarla,Brimm,zbrimmgp@sogou.com,Female,76.123.226.154
1703,Karlik,Vasyukov,kvasyukovgq@nba.com,Male,239.81.194.38
1704,Blondy,Rann,branngr@examiner.com,Female,82.49.53.75
1705,Tess,Stolli,tstolligs@businessweek.com,Female,176.99.182.228
1706,Calvin,Hovel,chovelgt@businesswire.com,Male,255.61.105.68
1707,Delano,Pentelow,dpentelowgu@example.com,Male,196.76.110.28
1708,Normand,Dovington,ndovingtongv@behance.net,Male,38.114.143.1
1709,Meaghan,Greves,mgrevesgw@rediff.com,Female,58.213.186.178
1710,Karlene,Schwaiger,kschwaigergx@sogou.com,Female,237.129.224.150
1711,Laetitia,Orwell,lorwellgy@google.de,Female,72.206.131.215
1712,Devin,Morrish,dmorrishgz@gov.uk,Male,178.114.192.103
1713,Berenice,Vell,bvellh0@gov.uk,Female,240.90.82.33
1714,Loni,Louis,llouish1@uol.com.br,Female,10.170.86.77
1715,Fina,Debrett,fdebretth2@hostgator.com,Female,232.68.171.83
1716,Conant,Durning,cdurningh3@baidu.com,Male,179.168.140.192
1717,Alexei,Graysmark,agraysmarkh4@yahoo.com,Male,136.61.167.142
1718,Tamqrah,Wyne,twyneh5@over-blog.com,Female,114.113.238.37
1719,Denise,Giamo,dgiamoh6@flickr.com,Female,4.225.139.203
1720,Brig,Echallier,bechallierh7@gnu.org,Genderqueer,22.39.187.87
1721,Whitney,Fladgate,wfladgateh8@wunderground.com,Male,42.236.15.169
1722,Lissie,Kenner,lkennerh9@hao123.com,Female,61.175.121.236
1723,Rebekah,Thys,rthysha@apple.com,Female,233.89.100.162
1724,Barth,Swindin,bswindinhb@reuters.com,Male,112.205.185.117
1725,Lenci,Mawman,lmawmanhc@multiply.com,Male,223.57.231.130
1726,Faith,Wheaton,fwheatonhd@eepurl.com,Female,84.88.70.109
1727,Kalvin,Goodban,kgoodbanhe@cnn.com,Male,163.185.70.239
1728,Ashia,Shearston,ashearstonhf@miitbeian.gov.cn,Genderqueer,242.19.87.138
1729,Vasily,Baly,vbalyhg@technorati.com,Male,33.27.152.235
1730,Jorgan,Goodsir,jgoodsirhh@hao123.com,Male,254.16.176.132
1731,Marilin,Keoghane,mkeoghanehi@behance.net,Female,0.250.83.92
1732,Yolande,Rotham,yrothamhj@shareasale.com,Female,216.254.3.118
1733,Vanya,Mickleburgh,vmickleburghhk@aboutads.info,Male,211.201.136.181
1734,Gerick,Bruggeman,gbruggemanhl@google.com,Male,40.126.20.68
1735,Karyn,Girardengo,kgirardengohm@va.gov,Female,35.148.136.77
1736,Averell,Rummins,arumminshn@geocities.com,Male,95.72.201.182
1737,Mercedes,Ditty,mdittyho@hhs.gov,Female,212.168.235.148
1738,Jamal,Quinnelly,jquinnellyhp@google.ru,Male,4.178.236.0
1739,Sargent,Monget,smongethq@ftc.gov,Male,98.206.40.221
1740,Valentina,Byrth,vbyrthhr@nature.com,Female,216.166.127.172
1741,Keri,Neasam,kneasamhs@scribd.com,Female,185.249.108.206
1742,Luigi,Barkshire,lbarkshireht@hostgator.com,Male,49.74.129.109
1743,Debbi,Follit,dfollithu@umich.edu,Female,117.124.26.136
1744,Perle,Zimmermeister,pzimmermeisterhv@last.fm,Genderfluid,247.89.1.41
1745,Waiter,Pleavin,wpleavinhw@utexas.edu,Male,229.75.192.26
1746,Ruben,Alejandri,ralejandrihx@goodreads.com,Male,113.250.249.135
1747,Woody,Overthrow,woverthrowhy@51.la,Male,130.94.229.104
1748,Rosana,Shinton,rshintonhz@addthis.com,Genderfluid,255.55.249.43
1749,Bethany,Blamire,bblamirei0@drupal.org,Female,91.208.47.64
1750,Jilly,Bog,jbogi1@cnet.com,Female,107.118.51.123
1751,Nikki,Stivers,nstiversi2@nyu.edu,Female,233.171.48.13
1752,Sophia,Mellonby,smellonbyi3@linkedin.com,Female,26.253.201.135
1753,Evered,Truran,etrurani4@odnoklassniki.ru,Genderqueer,94.191.58.51
1754,Eldon,Sweetenham,esweetenhami5@baidu.com,Agender,0.243.211.112
1755,Smith,Kubik,skubiki6@sogou.com,Male,245.206.147.100
1756,Stan,Honnicott,shonnicotti7@irs.gov,Male,117.100.77.8
1757,Patty,Keal,pkeali8@google.de,Genderfluid,143.3.188.157
1758,Rebbecca,Godar,rgodari9@cisco.com,Polygender,112.56.216.156
1759,Larry,Sandey,lsandeyia@amazon.co.jp,Male,114.93.64.117
1760,Freddi,Fonso,ffonsoib@google.com.br,Female,248.118.143.113
1761,Brandise,Domengue,bdomengueic@globo.com,Female,113.238.21.8
1762,Louis,Grimsdike,lgrimsdikeid@t.co,Male,61.23.235.50
1763,Darcey,Ditchett,dditchettie@wufoo.com,Female,119.83.229.224
1764,Gamaliel,Warton,gwartonif@netlog.com,Male,127.91.228.253
1765,Hamilton,Di Biasi,hdibiasiig@smugmug.com,Male,60.179.142.176
1766,Hoebart,Lassey,hlasseyih@ucoz.ru,Male,33.139.197.9
1767,Rhona,Verbrugge,rverbruggeii@sourceforge.net,Female,143.80.29.76
1768,Josh,Alstead,jalsteadij@census.gov,Male,114.22.106.62
1769,Mord,Blenkharn,mblenkharnik@who.int,Bigender,173.230.95.134
1770,Kipp,Bodicum,kbodicumil@bbc.co.uk,Male,90.12.11.47
1771,Rasla,Clamo,rclamoim@uol.com.br,Female,26.44.192.23
1772,Heida,Townsend,htownsendin@msn.com,Female,145.62.105.84
1773,Othella,Dwane,odwaneio@miibeian.gov.cn,Female,164.144.244.142
1774,Feodora,Peert,fpeertip@google.co.uk,Bigender,188.62.232.74
1775,Joaquin,Plummer,jplummeriq@exblog.jp,Male,150.95.23.253
1776,Shelden,Skeldinge,sskeldingeir@who.int,Male,82.107.229.207
1777,Rupert,Rumsey,rrumseyis@comcast.net,Male,163.203.138.98
1778,Del,Van den Bosch,dvandenboschit@cnn.com,Female,118.159.199.90
1779,Merrel,Summerson,msummersoniu@tmall.com,Male,215.24.131.78
1780,Monro,Kristoffersen,mkristofferseniv@mayoclinic.com,Male,38.173.20.81
1781,Abey,Albers,aalbersiw@oaic.gov.au,Male,103.236.185.78
1782,Genia,Watts,gwattsix@hhs.gov,Female,186.19.234.11
1783,Melva,Oaten,moateniy@amazon.com,Female,23.206.127.214
1784,Gaby,Gaskin,ggaskiniz@mit.edu,Male,198.169.29.193
1785,Arthur,Astin,aastinj0@lycos.com,Male,123.153.101.164
1786,Roseann,Reisenstein,rreisensteinj1@google.cn,Female,148.172.59.235
1787,Josefa,Stockton,jstocktonj2@ox.ac.uk,Female,143.130.151.237
1788,Abby,Burrass,aburrassj3@usda.gov,Male,145.150.140.155
1789,Jenni,Mila,jmilaj4@msn.com,Female,66.208.158.1
1790,Ax,Woodvine,awoodvinej5@blogtalkradio.com,Male,233.27.18.148
1791,Jenine,Van,jvanj6@histats.com,Agender,39.6.4.167
1792,Evania,Herche,eherchej7@unicef.org,Female,213.158.220.230
1793,Adriana,Clinning,aclinningj8@wikipedia.org,Female,143.64.28.26
1794,Duane,Wyche,dwychej9@ucsd.edu,Male,27.11.112.39
1795,Nestor,Bootman,nbootmanja@skype.com,Male,120.130.199.176
1796,Mauricio,Henningham,mhenninghamjb@flickr.com,Male,35.113.76.91
1797,Jolynn,Ralestone,jralestonejc@statcounter.com,Female,139.245.207.93
1798,Stillmann,Roumier,sroumierjd@joomla.org,Male,247.246.250.221
1799,Alexei,Bestwick,abestwickje@list-manage.com,Male,253.67.199.38
1800,Vikki,Nijs,vnijsjf@bbc.co.uk,Female,163.208.120.248
1801,Marley,Chattell,mchattelljg@nifty.com,Female,120.47.154.81
1802,Caralie,Juppe,cjuppejh@google.com.hk,Polygender,206.176.118.149
1803,Elwira,Brugsma,ebrugsmaji@zimbio.com,Female,193.147.149.75
1804,Cyndie,Secker,cseckerjj@comsenz.com,Female,241.240.167.0
1805,Phip,Dobinson,pdobinsonjk@goodreads.com,Male,26.15.174.232
1806,Salmon,Quogan,squoganjl@diigo.com,Male,157.238.203.124
1807,Maddi,MacAirt,mmacairtjm@nymag.com,Female,142.240.214.91
1808,Beau,Hallward,bhallwardjn@cdc.gov,Male,41.2.94.218
1809,Birk,Dmych,bdmychjo@imageshack.us,Male,197.69.122.135
1810,Joan,Ezzle,jezzlejp@cloudflare.com,Female,188.51.221.171
1811,Nata,Stode,nstodejq@sphinn.com,Female,76.213.245.177
1812,Griffy,Brew,gbrewjr@printfriendly.com,Male,169.211.42.159
1813,Johann,Burchill,jburchilljs@naver.com,Male,10.191.210.188
1814,Candace,O' Flaherty,coflahertyjt@so-net.ne.jp,Non-binary,106.172.251.148
1815,Elspeth,Batteson,ebattesonju@rakuten.co.jp,Female,111.84.74.108
1816,Nikki,Fucher,nfucherjv@g.co,Male,112.151.222.190
1817,Archy,Conichie,aconichiejw@creativecommons.org,Genderfluid,79.251.225.125
1818,Bridie,Boshier,bboshierjx@ocn.ne.jp,Female,8.240.18.18
1819,Alli,Kabisch,akabischjy@va.gov,Genderfluid,0.226.165.22
1820,Lind,Leivers,lleiversjz@goo.gl,Female,28.48.253.188
1821,Allyn,Tume,atumek0@twitpic.com,Male,162.142.252.227
1822,Kellen,Hayworth,khayworthk1@foxnews.com,Male,200.10.94.1
1823,Dorian,Creswell,dcreswellk2@devhub.com,Male,8.2.50.190
1824,Miles,Foden,mfodenk3@51.la,Male,210.106.29.116
1825,Elvin,Khristoforov,ekhristoforovk4@prweb.com,Bigender,74.211.76.19
1826,Kenneth,Lownsbrough,klownsbroughk5@bbb.org,Male,98.213.236.93
1827,Ivan,Fyall,ifyallk6@reverbnation.com,Genderqueer,121.63.145.78
1828,Terri,Posse,tpossek7@ebay.co.uk,Female,129.163.95.97
1829,Lory,Lambrick,llambrickk8@ifeng.com,Female,71.189.169.192
1830,Tine,Storkes,tstorkesk9@domainmarket.com,Female,227.100.6.115
1831,Aristotle,Fookes,afookeska@naver.com,Male,152.122.74.36
1832,Lynne,Sugars,lsugarskb@geocities.com,Female,141.234.26.169
1833,Charin,Napoli,cnapolikc@un.org,Female,130.193.188.76
1834,Penni,Sketch,psketchkd@bluehost.com,Female,131.189.156.14
1835,Luciana,Beceril,lbecerilke@nps.gov,Female,171.137.58.159
1836,Mozelle,Green,mgreenkf@state.tx.us,Female,36.172.120.213
1837,Allina,Wyrill,awyrillkg@netvibes.com,Female,57.69.47.42
1838,Gaile,Deeman,gdeemankh@w3.org,Male,117.30.28.18
1839,Nevin,Courtliff,ncourtliffki@omniture.com,Male,190.140.46.57
1840,Merl,Odams,modamskj@vk.com,Female,125.213.70.206
1841,Laurette,Mapother,lmapotherkk@people.com.cn,Female,127.175.226.55
1842,Cyndia,Gullyes,cgullyeskl@biglobe.ne.jp,Female,190.232.191.74
1843,Pennie,Ewols,pewolskm@archive.org,Male,32.35.242.195
1844,Ilene,Burless,iburlesskn@nih.gov,Female,158.68.115.208
1845,Vicki,Tschierse,vtschierseko@loc.gov,Female,5.244.123.141
1846,Jemie,Millwall,jmillwallkp@about.me,Female,138.81.227.157
1847,Davida,Casin,dcasinkq@de.vu,Female,132.132.210.219
1848,Abran,Mirams,amiramskr@angelfire.com,Male,115.249.2.90
1849,Guinna,Ambrozik,gambrozikks@t.co,Bigender,229.0.86.105
1850,Lilah,Hankard,lhankardkt@admin.ch,Female,15.216.19.121
1851,Gillan,Wiburn,gwiburnku@etsy.com,Female,49.47.135.60
1852,Corny,Piggott,cpiggottkv@google.es,Male,2.248.186.131
1853,Caralie,Fowlston,cfowlstonkw@reverbnation.com,Female,193.224.103.48
1854,Chery,Warfield,cwarfieldkx@state.tx.us,Female,93.218.49.242
1855,Eda,Chattell,echattellky@illinois.edu,Female,194.142.88.210
1856,Lissy,Clawe,lclawekz@netlog.com,Polygender,15.21.218.152
1857,Vinny,Drakes,vdrakesl0@histats.com,Genderqueer,33.124.63.67
1858,Carleton,Ziemen,cziemenl1@cnbc.com,Male,45.161.67.220
1859,Yurik,Grinnov,ygrinnovl2@clickbank.net,Male,162.31.83.186
1860,Amie,Insall,ainsalll3@phpbb.com,Female,14.196.72.133
1861,Melessa,McKinn,mmckinnl4@macromedia.com,Female,235.195.205.170
1862,Stella,Chitty,schittyl5@thetimes.co.uk,Female,70.7.144.171
1863,Pearla,Causon,pcausonl6@cam.ac.uk,Female,76.105.159.18
1864,Gipsy,McVitty,gmcvittyl7@shareasale.com,Female,185.208.210.163
1865,Lesli,de Bullion,ldebullionl8@parallels.com,Female,248.217.224.97
1866,Lise,Brame,lbramel9@blogs.com,Female,198.251.130.104
1867,Roddy,Paull,rpaullla@ihg.com,Male,234.40.129.52
1868,Gabriele,Ajean,gajeanlb@sina.com.cn,Genderfluid,55.74.169.22
1869,Harmon,Cotman,hcotmanlc@icq.com,Male,19.102.109.188
1870,Lucius,Joseph,ljosephld@wired.com,Male,211.82.156.139
1871,Jamal,Feake,jfeakele@huffingtonpost.com,Male,122.43.0.5
1872,Bone,Foulds,bfouldslf@dailymail.co.uk,Bigender,116.161.137.92
1873,Joscelin,Langrick,jlangricklg@jigsy.com,Female,92.52.120.15
1874,Morgan,Pelling,mpellinglh@cmu.edu,Male,108.168.117.104
1875,Fredek,Blockley,fblockleyli@bandcamp.com,Male,43.167.45.50
1876,Angil,Camm,acammlj@foxnews.com,Female,185.129.12.63
1877,Darbee,MacGahy,dmacgahylk@blogspot.com,Male,86.174.90.203
1878,Gaby,Stuckey,gstuckeyll@freewebs.com,Male,189.59.129.112
1879,Emlen,Kopacek,ekopaceklm@prweb.com,Agender,1.214.11.128
1880,Paco,Szymanski,pszymanskiln@hibu.com,Male,102.94.124.21
1881,Gelya,Eliyahu,geliyahulo@angelfire.com,Female,126.27.54.195
1882,Hale,Richen,hrichenlp@cisco.com,Male,180.50.47.86
1883,Say,Algeo,salgeolq@xrea.com,Male,144.100.203.116
1884,Shirlee,Plumbridge,splumbridgelr@lycos.com,Female,87.33.248.226
1885,Natassia,Seymer,nseymerls@mac.com,Female,51.103.39.28
1886,Willabella,Nulty,wnultylt@barnesandnoble.com,Female,246.142.207.38
1887,Jule,Kemmett,jkemmettlu@msn.com,Male,59.127.141.20
1888,Tucker,Kingsly,tkingslylv@cornell.edu,Male,241.50.138.119
1889,Margareta,Charsley,mcharsleylw@senate.gov,Female,17.88.238.74
1890,Drusilla,Irce,dircelx@bbc.co.uk,Female,171.231.173.117
1891,Callean,Clemson,cclemsonly@ifeng.com,Male,169.191.218.131
1892,Tulley,Niesing,tniesinglz@usgs.gov,Male,196.75.49.159
1893,Bank,Huthart,bhuthartm0@dyndns.org,Male,170.145.135.92
1894,Klara,Driscoll,kdriscollm1@cargocollective.com,Female,173.53.8.65
1895,Rodd,Wolfendell,rwolfendellm2@hatena.ne.jp,Male,252.129.224.231
1896,Rosalie,Whistance,rwhistancem3@oaic.gov.au,Female,252.140.182.235
1897,Dorri,Westrey,dwestreym4@cafepress.com,Female,116.63.109.40
1898,Ashlee,Boswell,aboswellm5@simplemachines.org,Female,209.95.165.118
1899,Nickolai,Worms,nwormsm6@360.cn,Male,252.251.245.200
1900,Brod,Mapledoram,bmapledoramm7@live.com,Male,80.111.129.173
1901,Travers,Jillions,tjillionsm8@geocities.jp,Male,181.45.75.72
1902,Deni,Seilmann,dseilmannm9@deviantart.com,Female,1.188.65.108
1903,Obie,Hazelhurst,ohazelhurstma@a8.net,Male,60.35.227.243
1904,Dee dee,Element,delementmb@myspace.com,Female,148.91.253.33
1905,Allard,Pollastrone,apollastronemc@engadget.com,Male,228.95.45.117
1906,Devland,Papps,dpappsmd@blogtalkradio.com,Male,80.96.37.2
1907,Rodd,Wisden,rwisdenme@desdev.cn,Male,171.8.194.159
1908,Winifield,Hallawell,whallawellmf@craigslist.org,Male,216.29.202.127
1909,Filippa,Alesio,falesiomg@example.com,Genderfluid,67.59.25.112
1910,Tomas,Blanking,tblankingmh@tinypic.com,Male,82.82.107.223
1911,Bernelle,Kincaid,bkincaidmi@arstechnica.com,Female,184.162.174.141
1912,Hurleigh,Teas,hteasmj@zimbio.com,Male,151.218.53.98
1913,Julianna,Nell,jnellmk@edublogs.org,Female,76.7.213.101
1914,Yehudi,Heasman,yheasmanml@bbb.org,Male,48.212.212.39
1915,Stillmann,Turri,sturrimm@jigsy.com,Genderfluid,42.75.150.159
1916,Cary,Warwicker,cwarwickermn@springer.com,Female,128.185.72.42
1917,Anabal,Dunster,adunstermo@blinklist.com,Female,252.52.41.10
1918,Elvis,Deluca,edelucamp@cocolog-nifty.com,Male,118.159.102.254
1919,Willow,Titterell,wtitterellmq@gmpg.org,Female,204.204.128.151
1920,Guenevere,Birchner,gbirchnermr@ft.com,Female,42.193.85.155
1921,Florie,Andrini,fandrinims@liveinternet.ru,Female,34.235.64.53
1922,Viole,Brymner,vbrymnermt@japanpost.jp,Female,164.78.253.177
1923,Dani,MacGinlay,dmacginlaymu@japanpost.jp,Male,116.16.73.175
1924,Maurine,Halford,mhalfordmv@histats.com,Female,148.214.185.64
1925,Ryan,Halso,rhalsomw@sohu.com,Male,19.30.59.134
1926,Ellene,Du Hamel,eduhamelmx@addtoany.com,Female,2.232.246.190
1927,Margaux,Reubel,mreubelmy@spiegel.de,Female,138.212.176.215
1928,Octavia,Bosanko,obosankomz@nymag.com,Female,64.146.175.53
1929,Skell,Dennett,sdennettn0@whitehouse.gov,Male,243.198.223.231
1930,Christiane,Cordeix,ccordeixn1@shareasale.com,Female,91.233.16.222
1931,Vickie,Easey,veaseyn2@nydailynews.com,Female,181.236.230.6
1932,Konstance,Aslum,kaslumn3@flavors.me,Female,227.148.227.66
1933,Sullivan,Wigley,swigleyn4@loc.gov,Male,3.150.215.205
1934,Nicolle,Webby,nwebbyn5@slate.com,Female,34.3.116.34
1935,Ernestine,Yon,eyonn6@eepurl.com,Female,102.66.115.177
1936,Stephen,McHarry,smcharryn7@so-net.ne.jp,Male,144.179.96.68
1937,Thebault,Ferandez,tferandezn8@boston.com,Male,115.58.30.217
1938,Burton,Pallin,bpallinn9@123-reg.co.uk,Male,41.171.237.7
1939,Kippy,Douse,kdousena@accuweather.com,Male,67.73.137.225
1940,Terence,Hirschmann,thirschmannnb@rambler.ru,Male,214.80.23.213
1941,Marylinda,Ward,mwardnc@arstechnica.com,Female,210.19.92.79
1942,Fanny,Keysel,fkeyselnd@ustream.tv,Bigender,162.205.103.20
1943,Celinda,Gabala,cgabalane@infoseek.co.jp,Female,195.175.65.142
1944,Davon,Nesby,dnesbynf@flickr.com,Male,148.111.173.127
1945,Maire,Dansken,mdanskenng@elegantthemes.com,Female,64.93.175.0
1946,Merill,Clipsham,mclipshamnh@go.com,Male,12.42.211.9
1947,Alison,Sirmond,asirmondni@netscape.com,Female,244.77.198.163
1948,Portia,Rymill,prymillnj@behance.net,Female,144.47.45.186
1949,Charmine,Clem,cclemnk@buzzfeed.com,Female,139.240.135.241
1950,Ethelred,Springham,espringhamnl@alibaba.com,Male,20.43.82.233
1951,Huey,Bovaird,hbovairdnm@odnoklassniki.ru,Male,15.9.70.166
1952,Darrell,Awcoate,dawcoatenn@amazon.de,Male,229.249.137.160
1953,Alicia,Okenden,aokendenno@omniture.com,Agender,199.71.16.50
1954,Onfre,Baume,obaumenp@diigo.com,Male,113.163.214.84
1955,Burgess,Waddam,bwaddamnq@zimbio.com,Male,197.28.116.141
1956,Ody,Snoxill,osnoxillnr@cbslocal.com,Male,204.40.15.61
1957,Sue,Luety,sluetyns@typepad.com,Female,41.227.95.55
1958,Gregorius,Belasco,gbelascont@themeforest.net,Male,199.218.186.26
1959,Quill,Eastman,qeastmannu@cdc.gov,Male,122.228.22.243
1960,Kearney,Novotni,knovotninv@t-online.de,Genderqueer,170.164.213.197
1961,Keary,Colbourn,kcolbournnw@tiny.cc,Male,71.93.124.88
1962,Gerik,Stidson,gstidsonnx@cafepress.com,Male,8.2.162.24
1963,Basilio,Jowle,bjowleny@last.fm,Male,224.199.79.17
1964,Mia,McQuode,mmcquodenz@oracle.com,Female,208.167.152.196
1965,Emmye,Hawkeswood,ehawkeswoodo0@seesaa.net,Female,243.110.38.23
1966,Elie,Rouse,erouseo1@smugmug.com,Female,103.243.158.181
1967,Bradan,Janko,bjankoo2@theatlantic.com,Male,109.28.5.159
1968,Edmon,McJerrow,emcjerrowo3@deliciousdays.com,Male,26.255.244.32
1969,Loralie,Busher,lbushero4@ustream.tv,Female,64.66.84.47
1970,Hazel,Samme,hsammeo5@a8.net,Male,132.224.45.98
1971,Daniel,Guille,dguilleo6@dedecms.com,Male,120.6.216.43
1972,Bride,Dunhill,bdunhillo7@weebly.com,Female,93.14.62.226
1973,Seumas,Tartt,startto8@1688.com,Male,55.254.1.198
1974,Artemis,McLae,amclaeo9@va.gov,Male,135.196.241.44
1975,Brittne,Kovacs,bkovacsoa@blogtalkradio.com,Female,57.203.126.141
1976,Genni,Vannar,gvannarob@google.co.jp,Female,138.5.177.187
1977,Kata,Bompass,kbompassoc@smugmug.com,Female,246.108.36.195
1978,Caty,Marin,cmarinod@yandex.ru,Female,47.250.113.38
1979,Batsheva,Dee,bdeeoe@nifty.com,Female,97.162.59.244
1980,Jocelyn,Gerald,jgeraldof@51.la,Female,232.247.1.137
1981,Seamus,Themann,sthemannog@4shared.com,Male,234.33.172.131
1982,Ramsey,Moulin,rmoulinoh@who.int,Non-binary,130.235.194.133
1983,Norah,Abrahamsson,nabrahamssonoi@npr.org,Genderqueer,119.133.63.106
1984,Damara,Sears,dsearsoj@google.it,Female,255.60.31.130
1985,Malachi,Resdale,mresdaleok@google.cn,Male,144.74.61.128
1986,Roseann,Rennard,rrennardol@last.fm,Female,143.132.254.73
1987,Remington,Kezor,rkezorom@usgs.gov,Male,13.246.46.49
1988,Lilia,Jecock,ljecockon@pbs.org,Polygender,238.217.62.9
1989,Hermann,Barette,hbaretteoo@telegraph.co.uk,Male,26.62.100.38
1990,Isaak,Fayer,ifayerop@jiathis.com,Male,216.67.39.138
1991,Marieann,Ramplee,mrampleeoq@europa.eu,Female,171.185.55.126
1992,Rhea,Culleford,rcullefordor@reuters.com,Female,77.202.185.185
1993,Langsdon,Dickman,ldickmanos@xing.com,Male,62.12.42.17
1994,Reggy,Bielby,rbielbyot@about.me,Male,151.40.61.237
1995,Cece,Feetham,cfeethamou@w3.org,Male,89.255.151.216
1996,Glynn,McKennan,gmckennanov@storify.com,Male,220.10.149.162
1997,Kim,Keuntje,kkeuntjeow@bloomberg.com,Female,30.112.136.215
1998,Thurstan,Benjafield,tbenjafieldox@bloglines.com,Male,234.214.124.118
1999,Morrie,Zellmer,mzellmeroy@walmart.com,Male,84.195.89.66
2000,Kakalina,Bonar,kbonaroz@google.fr,Female,158.121.226.175
2001,Lavena,Treswell,ltreswellp0@telegraph.co.uk,Female,220.68.166.141
2002,Elnore,Lockey,elockeyp1@theguardian.com,Female,178.118.247.233
2003,Gustie,Prynne,gprynnep2@spiegel.de,Female,194.249.138.115
2004,Cirstoforo,Causnett,ccausnettp3@chicagotribune.com,Male,238.105.150.181
2005,Aguste,Harbour,aharbourp4@springer.com,Male,102.210.35.229
2006,Rutledge,Scheffel,rscheffelp5@state.gov,Male,105.32.54.101
2007,Karole,Hoodspeth,khoodspethp6@4shared.com,Female,234.194.203.56
2008,Patrizia,Garrold,pgarroldp7@icq.com,Female,203.17.240.54
2009,Anthe,Milazzo,amilazzop8@360.cn,Female,139.63.16.165
2010,Barrie,Maun,bmaunp9@youtu.be,Female,241.175.104.127
2011,Clerc,Cicchetto,ccicchettopa@statcounter.com,Male,39.234.133.252
2012,Bobbette,Folk,bfolkpb@hud.gov,Female,224.68.119.232
2013,Matt,Whimpenny,mwhimpennypc@mediafire.com,Male,127.234.101.140
2014,Shalom,Shufflebotham,sshufflebothampd@cyberchimps.com,Male,253.159.56.35
2015,Juline,Burnup,jburnuppe@people.com.cn,Female,82.226.79.224
2016,Perry,McPeake,pmcpeakepf@sciencedirect.com,Female,176.29.94.237
2017,Babbie,MacAlaster,bmacalasterpg@opensource.org,Female,241.32.54.158
2018,Hazel,Holberry,hholberryph@nps.gov,Female,51.109.4.240
2019,Pebrook,Brimner,pbrimnerpi@harvard.edu,Male,227.116.173.57
2020,Brok,Viant,bviantpj@wunderground.com,Male,211.7.51.180
2021,Joanne,McNelly,jmcnellypk@tripadvisor.com,Female,98.118.121.77
2022,Florence,Gass,fgasspl@digg.com,Female,3.118.49.251
2023,Rich,Maleney,rmaleneypm@bloglovin.com,Male,0.5.86.201
2024,Trip,Huggill,thuggillpn@pcworld.com,Male,182.131.157.244
2025,Bradly,Thomerson,bthomersonpo@economist.com,Male,77.46.247.4
2026,Una,Tremelling,utremellingpp@bluehost.com,Female,92.18.224.42
2027,Stephen,Gott,sgottpq@exblog.jp,Male,45.20.177.176
2028,Worden,Scamadine,wscamadinepr@feedburner.com,Male,94.19.48.78
2029,Homerus,Dowdall,hdowdallps@apache.org,Male,107.164.250.75
2030,Errol,Kimbell,ekimbellpt@jiathis.com,Male,86.4.75.171
2031,Corny,Delaney,cdelaneypu@latimes.com,Male,235.252.28.194
2032,Winston,Stitle,wstitlepv@sourceforge.net,Male,246.245.160.17
2033,Tatum,Plewes,tplewespw@github.io,Female,168.190.131.84
2034,Cloris,Redwood,credwoodpx@bravesites.com,Female,220.33.248.146
2035,Lily,Cowsby,lcowsbypy@gmpg.org,Female,200.7.82.225
2036,Jacinda,Fudge,jfudgepz@tinypic.com,Female,126.80.159.182
2037,Cecil,Leimster,cleimsterq0@oakley.com,Female,178.176.57.71
2038,Allister,Lote,aloteq1@hibu.com,Male,34.55.247.148
2039,Rodd,Rowesby,rrowesbyq2@slate.com,Male,91.99.125.189
2040,Gusta,Balle,gballeq3@wp.com,Female,189.37.42.43
2041,Jaquenetta,Tolfrey,jtolfreyq4@indiegogo.com,Female,15.115.116.204
2042,Calv,Inglish,cinglishq5@usatoday.com,Male,120.50.241.139
2043,Ikey,McCobb,imccobbq6@bluehost.com,Male,71.196.21.22
2044,Bride,Raffon,braffonq7@github.io,Female,126.8.34.49
2045,Emanuel,Stabbins,estabbinsq8@china.com.cn,Male,227.62.113.251
2046,Welby,Kemball,wkemballq9@github.io,Male,14.209.24.149
2047,Lewiss,O'Sullivan,losullivanqa@cam.ac.uk,Male,86.163.58.176
2048,Kerianne,O'Dunneen,kodunneenqb@surveymonkey.com,Bigender,228.9.0.233
2049,Orlando,Riding,oridingqc@scribd.com,Male,162.43.142.46
2050,Emmy,Dewdney,edewdneyqd@bbc.co.uk,Male,245.97.251.81
2051,Bennett,Penson,bpensonqe@latimes.com,Male,232.113.217.191
2052,Jasmin,O'Grogane,jogroganeqf@cyberchimps.com,Female,120.28.57.116
2053,Janessa,Luppitt,jluppittqg@xing.com,Female,59.210.190.159
2054,Roseline,Dawidman,rdawidmanqh@scientificamerican.com,Female,69.226.24.42
2055,Ganny,Vertigan,gvertiganqi@unesco.org,Male,201.193.248.227
2056,Guilbert,Hammerberg,ghammerbergqj@nsw.gov.au,Male,162.118.214.12
2057,Hollyanne,Brunning,hbrunningqk@comsenz.com,Female,16.134.28.173
2058,Deirdre,Chirm,dchirmql@t-online.de,Genderfluid,41.127.211.238
2059,Regina,Crame,rcrameqm@nymag.com,Female,19.62.51.76
2060,Blaire,Malamore,bmalamoreqn@sourceforge.net,Female,123.154.223.111
2061,Daisey,Underdown,dunderdownqo@wiley.com,Genderfluid,4.0.46.188
2062,Wilt,Kilgrew,wkilgrewqp@surveymonkey.com,Male,244.159.13.191
2063,Della,Rase,draseqq@tamu.edu,Female,147.9.226.33
2064,Tull,Denerley,tdenerleyqr@discovery.com,Male,111.107.141.11
2065,Anica,Cregin,acreginqs@nsw.gov.au,Female,155.103.158.135
2066,Eugenius,Clinnick,eclinnickqt@cyberchimps.com,Male,65.76.181.91
2067,Igor,Speedin,ispeedinqu@spotify.com,Male,197.84.45.111
2068,Fairfax,Caig,fcaigqv@jigsy.com,Male,100.255.248.146
2069,Allen,Washbrook,awashbrookqw@go.com,Male,151.107.211.36
2070,Margret,Congdon,mcongdonqx@newsvine.com,Female,108.200.222.73
2071,Danni,Syde,dsydeqy@tumblr.com,Female,72.31.177.77
2072,Ellen,Rapkins,erapkinsqz@sakura.ne.jp,Female,235.82.193.156
2073,Clementine,Rosenboim,crosenboimr0@bandcamp.com,Female,104.99.31.122
2074,Johnny,Thonger,jthongerr1@tuttocitta.it,Genderfluid,22.77.110.28
2075,Rochell,Bramsen,rbramsenr2@spiegel.de,Female,43.246.192.50
2076,Andrus,Bore,aborer3@wikimedia.org,Male,186.141.66.144
2077,Mellisent,Stallan,mstallanr4@gravatar.com,Female,189.84.207.175
2078,Lindy,Palliser,lpalliserr5@slashdot.org,Agender,180.56.182.178
2079,Sarge,Kupker,skupkerr6@g.co,Male,239.170.166.231
2080,Allister,Egglestone,aegglestoner7@google.de,Male,222.226.252.157
2081,Yvonne,Seivertsen,yseivertsenr8@washingtonpost.com,Female,54.64.82.233
2082,Bernadina,Matuszak,bmatuszakr9@columbia.edu,Agender,55.191.93.184
2083,Brigit,Soughton,bsoughtonra@dailymotion.com,Female,159.239.190.239
2084,Glen,Crommett,gcrommettrb@wisc.edu,Male,48.145.196.25
2085,Erin,Strut,estrutrc@prlog.org,Male,126.64.7.48
2086,Celestyn,Warrender,cwarrenderrd@newyorker.com,Female,102.248.108.215
2087,Cointon,Grise,cgrisere@bandcamp.com,Male,123.51.114.177
2088,Maye,Laverick,mlaverickrf@a8.net,Female,133.108.146.99
2089,Lauren,Spurret,lspurretrg@zdnet.com,Female,89.42.248.189
2090,Araldo,Stallworthy,astallworthyrh@oaic.gov.au,Male,104.117.227.154
2091,Hannah,Rounsefull,hrounsefullri@privacy.gov.au,Female,163.192.161.35
2092,Chevy,Coffin,ccoffinrj@redcross.org,Male,164.196.244.153
2093,Doralynn,Arrundale,darrundalerk@marriott.com,Genderfluid,222.110.215.149
2094,Illa,Grigs,igrigsrl@engadget.com,Female,19.89.176.152
2095,Che,Rammell,crammellrm@facebook.com,Male,50.187.245.135
2096,Carling,Yewen,cyewenrn@last.fm,Male,152.166.201.229
2097,Gussie,Brandreth,gbrandrethro@loc.gov,Female,243.172.148.244
2098,Linnie,Waugh,lwaughrp@fotki.com,Female,140.90.70.217
2099,Consuelo,Skyme,cskymerq@moonfruit.com,Female,53.234.157.115
2100,Nap,Ornils,nornilsrr@guardian.co.uk,Male,105.16.124.99
